"","cust_id","cust_profit_percent","promo_sensitivity"
"1",29568,0.631554180160364,0.605146669150249
"2",29909,0.596623959224913,0.673689897990482
"3",39856,0.720958305682221,0.683879936525173
"4",109693,0.533910561537167,0.539354131065017
"5",289996,0.71626066143747,0.571050455211739
"6",299749,0.695311296076435,0.384582670201584
"7",329968,0.634156642184329,0.725436170120652
"8",339627,0.577249279200598,0.706801390579209
"9",550000,0.555562284220973,0.589324797388084
"10",559804,0.604406109524885,0.704620218548767
"11",609881,0.77453990634848,0.296067140559599
"12",709543,0.564145644280591,0.632842235584434
"13",749556,0.525067860326839,0.879893010696368
"14",749639,0.580797733684823,0.550390306060689
"15",769883,0.69471157758229,0.56670181131867
"16",799924,0.601061659526281,0.58293649449024
"17",869947,0.631865627637609,0.549772790351623
"18",989587,0.666925003033372,0.576192744818438
"19",1049570,0.524679574218269,0.609862830344714
"20",1139738,0.651592440114952,0.578480543811124
"21",1179795,0.644025300547875,0.577589518078443
"22",1279966,0.514057071203433,0.535579623520451
"23",1329967,0.744244626351335,0.330851478659787
"24",1369576,0.584073922219569,0.525739205524421
"25",1459955,0.574117486260356,0.777154462518267
"26",1539803,0.673103432578356,0.690821459050363
"27",1589813,0.595601402350896,0.606617044290315
"28",1659549,0.632230323308372,0.416143362414294
"29",1849794,0.658704956590215,0.533984392387223
"30",1889991,0.555646720669079,0.588101358042332
"31",1979644,0.675281838203133,0.622638962161236
"32",1999671,0.614079890977644,0.436756741968215
"33",2009974,0.600031336125876,0.592507894994849
"34",2029760,0.67565922248722,0.732488241791253
"35",2039621,0.637494585247311,0.655226811347759
"36",2049977,0.526611268639217,0.609633406467479
"37",2089806,0.569751469929906,0.820473279847743
"38",2109544,0.653532687303215,0.637041070955347
"39",2169803,0.582338797214986,0.63830951615988
"40",2209804,0.567470423829809,0.510865446221218
"41",2269534,0.658397589779915,0.669064559015062
"42",2389981,0.67269094944702,0.518599558231501
"43",2469932,0.636738800376324,0.463432445576001
"44",2499933,0.679642573038345,0.526136860714314
"45",2569933,0.588125715897564,0.671985497627916
"46",2589576,0.558359807737814,0.6521372339975
"47",2629968,0.591433728160395,0.574474123457251
"48",2679893,0.576808433685593,0.598875157899259
"49",2719577,0.649635657506243,0.660094999002768
"50",2809801,0.542904878005787,0.49370543592002
"51",2899928,0.732878835319952,0.367143021697461
"52",2909908,0.642957662688802,0.718764807789963
"53",2969695,0.658020176553197,0.399640672075422
"54",3029520,0.759090058274618,0.650648183231962
"55",3189829,0.66486068358242,0.63208462502622
"56",3239920,0.581223914059291,0.543936454855435
"57",3239931,0.637552662321224,0.574022166005782
"58",3269902,0.619189942685123,0.624321221983942
"59",3299585,0.669620478994932,0.546253880379375
"60",3409832,0.639977802122013,0.762922483656071
"61",3489829,0.593528973134848,0.550763104583225
"62",3509691,0.606117196226698,0.534279849120555
"63",3509800,0.646431800874537,0.715477406075878
"64",3549558,0.573497679373544,0.528366359598744
"65",3689815,0.648795599316887,0.60716494697476
"66",3689897,0.637443857681044,0.650410819423535
"67",3759797,0.789685249010533,0.622866680483332
"68",3779918,0.570906592750287,0.576987147258501
"69",3809808,0.744539169445396,0.47924772632581
"70",3979821,0.617976284738771,0.582744604123995
"71",4139823,0.623403126211987,0.728359265715051
"72",4139886,0.686249382811953,0.691611139416492
"73",4149898,0.588911090981146,0.651606630650285
"74",4219822,0.63210485940463,0.597348636166608
"75",4289603,0.607015888812623,0.466726982842712
"76",4319967,0.649195666234789,0.425981483484388
"77",4369949,0.616398906015821,0.28283885101535
"78",4459951,0.596587291588508,0.701677332852288
"79",4559994,0.687611184632827,0.34573399150927
"80",4579768,0.694272024352325,0.559963998175629
"81",4589623,0.561889146924165,0.490850677597132
"82",4689635,0.491767983101322,0.507061686304426
"83",4729534,0.653870830352097,0.598690428446111
"84",4759939,0.590713140947027,0.705738333713855
"85",4779672,0.610322947643461,0.48560403282832
"86",4809965,0.607608122839,0.428160860374316
"87",4899809,0.629099430599355,0.65549415877976
"88",5019544,0.666337586895591,0.705177441688087
"89",5039834,0.509464148533536,0.553003268488405
"90",5039894,0.627897571767364,0.667511759918744
"91",5059954,0.506131110367107,0.644785070093848
"92",5069807,0.636274519192955,0.679133749753157
"93",5089853,0.530596422414318,0.518205138851255
"94",5209899,0.608966344791979,0.525307573041159
"95",5369881,0.692634385143968,0.426104748330652
"96",5429986,0.598117814018195,0.490084229202364
"97",5669543,0.688192317261008,0.40163009670195
"98",5749887,0.627343983574634,0.684717856611909
"99",5929637,0.626188518717206,0.528194354869133
"100",6019835,0.533449740561949,0.585870551460181
"101",6139888,0.598006132013959,0.716395044543865
"102",6149849,0.655468511194355,0.530327631376362
"103",6149942,0.580078414615756,0.735060727918999
"104",6209836,0.664580347951515,0.418668431406001
"105",6389560,0.564706735837934,0.445588107784527
"106",6409834,0.458413711651717,0.270587737281849
"107",6509998,0.596859140135541,0.651098940047455
"108",6529522,0.559261416008882,0.387300821585454
"109",6599812,0.537665545489384,0.585922439395874
"110",6599998,0.65949793894729,0.484392564113059
"111",6629718,0.702949059212308,0.412344687205649
"112",6739641,0.52936416578419,0.335061902171732
"113",6759673,0.554841399107695,0.665886322957545
"114",6799994,0.66530370113946,0.396862349754236
"115",6909998,0.661810514690728,0.5209447129361
"116",7029899,0.552879239030181,0.637463698902761
"117",7089970,0.631830390684799,0.499227833635703
"118",7109918,0.592785811997307,0.564494704726128
"119",7119528,0.57482912113309,0.667026162561341
"120",7129671,0.528781648966661,0.362118788614048
"121",7189760,0.626699456009116,0.654733992796424
"122",7249820,0.70715581510436,0.508095628822233
"123",7299831,0.689226337302871,0.557549021712439
"124",7319748,0.629260155436312,0.482183272325839
"125",7399797,0.589021914445441,0.464746034111772
"126",7489632,0.673588781878179,0.635504787473193
"127",7500000,0.601247714842346,0.65475410827498
"128",7519976,0.563763994513034,0.66287963594928
"129",7529982,0.603088459286422,0.72911018853869
"130",7569890,0.603228214217003,0.512486331420697
"131",7589968,0.72382154586673,0.461131010105178
"132",7609764,0.556560537110787,0.541598692967776
"133",7619949,0.563971083419891,0.514999549023234
"134",7629630,0.718447733064438,0.511526092151125
"135",7639542,0.527952995290228,0.293024243793264
"136",7669833,0.645165623203663,0.539620977398004
"137",7679874,0.631237292666005,0.344743338370791
"138",7739787,0.542864934141007,0.622744192078882
"139",7789800,0.564506658841169,0.545620779134127
"140",7859980,0.581149624009657,0.662491248983816
"141",7879516,0.654545899339468,0.553295826305473
"142",7889790,0.689974633425289,0.33065482451287
"143",7919932,0.555349994913178,0.623860622354411
"144",7989981,0.591353673908303,0.720094361740116
"145",8229636,0.640093220571705,0.600135985848863
"146",8279980,0.655426865871024,0.504874672815566
"147",8329796,0.761103071929019,0.606020357094609
"148",8399540,0.786545371358206,0.28796264600041
"149",8399671,0.583407329252862,0.412826749349454
"150",8409818,0.551142517580363,0.506548190375448
"151",8489894,0.604561532655684,0.652273321737178
"152",8499548,0.758712420107413,0.379737332613187
"153",8639635,0.590567451217762,0.730814730105245
"154",8749884,0.510167859738632,0.8327942472867
"155",8779954,0.534064426976848,0.533605447123209
"156",9019561,0.687097680562643,0.447796624201037
"157",9019954,0.628826029118156,0.655148140517133
"158",9089753,0.619081935557366,0.703228368691712
"159",9169797,0.643911247444372,0.614777720993011
"160",9209960,0.57949787046437,0.505778917555288
"161",9289880,0.676582260233409,0.747322664842398
"162",9459930,0.684430919275621,0.470176765088345
"163",9489849,0.577812772727435,0.591814133510993
"164",9499587,0.679517527171248,0.356442682983301
"165",9499978,0.621128731681961,0.568934174992252
"166",9519528,0.550211887962267,0.485112123843684
"167",9599639,0.713973645185664,0.590437963178321
"168",9739628,0.576395493795578,0.789982114955405
"169",9829737,0.642961594795036,0.581679185958786
"170",9829953,0.646400135459428,0.638008198747902
"171",9829989,0.632722809537022,0.557762665205056
"172",9879865,0.683881650879673,0.672752762203557
"173",9939955,0.650699209677343,0.719300582461403
"174",9949803,0.627671599606333,0.566704693013676
"175",9969898,0.657365933066187,0.449698350307987
"176",9969956,0.64983224578803,0.685997371637232
"177",10119835,0.528865857050625,0.731971448714268
"178",10119936,0.632868916616524,0.533931913967307
"179",10149644,0.691860019732876,0.572699238044934
"180",10179820,0.601968283077702,0.684592415390665
"181",10209992,0.583230129701707,0.561242555668139
"182",10229526,0.588402454008755,0.571797402829555
"183",10229970,0.561665924037139,0.525290185627803
"184",10329832,0.529129448942063,0.683979448756939
"185",10399953,0.556935855892765,0.49503251544725
"186",10519992,0.672348840046018,0.660351018072418
"187",10529942,0.623443462736217,0.455798689686367
"188",10569925,0.573331494461351,0.669718686228421
"189",10669538,0.670849576443754,0.716378876502355
"190",10679950,0.612047571035076,0.537779271752709
"191",10709961,0.68404650443016,0.27478540322026
"192",10709970,0.673248617940258,0.707168334838895
"193",10749600,0.593119174626694,0.559536417880856
"194",10769796,0.714174726787934,0.549032596527265
"195",10859698,0.498454242488816,0.593405729907219
"196",10959705,0.67901449421615,0.492015514071137
"197",11019926,0.513924633171545,0.674966940452816
"198",11119662,0.64862217189487,0.470650028160177
"199",11199831,0.57685185019026,0.390196718905921
"200",11319562,0.63049344989065,0.238131335026892
"201",11349754,0.647624160277147,0.521042299054815
"202",11369915,0.629223283251666,0.620290548458006
"203",11409631,0.577717855433447,0.385556130698391
"204",11559947,0.550921065242944,0.395485690349
"205",11609822,0.62678004702941,0.612112593456371
"206",11609958,0.582355010968503,0.519052807664922
"207",11669833,0.539738867303463,0.788786100013701
"208",11769881,0.568324923395886,0.550718630919733
"209",11789884,0.614343041638551,0.708159648414415
"210",11789887,0.690010537765661,0.469548876128373
"211",11819644,0.594427912212425,0.835197135287218
"212",11879968,0.76814268212072,0.613757490688066
"213",11889976,0.650413675258373,0.371849912706021
"214",11949834,0.484258425900756,0.513053397510868
"215",11999871,0.520510473965285,0.699818325890487
"216",12189899,0.64289769544082,0.703235777715364
"217",12269588,0.664295244600658,0.439496598486948
"218",12299631,0.666415760206861,0.649323555700495
"219",12389800,0.625795677740676,0.6146789027275
"220",12509635,0.694736464184996,0.462724649054642
"221",12559813,0.68354295489656,0.414454897232199
"222",12689530,0.590983638592207,0.48231678732823
"223",12709994,0.644232585415184,0.523588697917227
"224",12779905,0.568435726136065,0.487778791842823
"225",12869802,0.688652649565943,0.363747578573377
"226",12919740,0.66622527672653,0.486990258574722
"227",12949792,0.669877415470698,0.645192636146031
"228",12969814,0.614361545230845,0.610858790052651
"229",12999970,0.66746956647157,0.54220228081352
"230",13099817,0.48243838907597,0.686210477143487
"231",13129627,0.629471206572627,0.549278700227416
"232",13129651,0.696300551749205,0.435690845652527
"233",13139550,0.584733509110551,0.57456670224307
"234",13189706,0.652197356310672,0.546067818565982
"235",13269913,0.61147692109336,0.59316011844439
"236",13319547,0.532163102793249,0.470047425312169
"237",13399563,0.656354388042842,0.407989700126111
"238",13439985,0.682821478482745,0.465875976227526
"239",13479847,0.68371843382885,0.387445613401358
"240",13489682,0.591709558191254,0.754500556810149
"241",13559579,0.622648593366133,0.533231434284835
"242",13559676,0.65751261427438,0.578282544315168
"243",13669829,0.588495405851503,0.755508430146847
"244",13669920,0.623398514560275,0.722867761855183
"245",13679928,0.659858677185992,0.464926949676779
"246",13689850,0.62484595202417,0.666940139771687
"247",13719671,0.573240174568398,0.515859858806912
"248",13899534,0.669821168977302,0.484154587632069
"249",13929537,0.659557890222951,0.599771007681684
"250",13929992,0.649067585588591,0.339992037563875
"251",13949603,0.57070743649695,0.323977016582964
"252",13949935,0.598027204923019,0.432258292985006
"253",13969766,0.612909726406857,0.454550507109902
"254",14079512,0.705412000865386,0.578591881147777
"255",14109606,0.540034740819555,0.728772215093971
"256",14179738,0.710105185956146,0.651852915947624
"257",14259755,0.606932511605544,0.651811529759344
"258",14359520,0.777687867292881,0.23935920748958
"259",14379939,0.594597260694403,0.766406895898019
"260",14419556,0.546739996113687,0.359594139272128
"261",14509826,0.676426862938863,0.579073855629616
"262",14549700,0.576083209948666,0.704623505448538
"263",14559662,0.646033436618098,0.428864611947602
"264",14639599,0.681467239387071,0.483635450392004
"265",14649887,0.593698895475416,0.601714158889815
"266",14719635,0.534077848588359,0.741413859375604
"267",14719985,0.697575481403884,0.529392937669703
"268",14749832,0.510422564531801,0.618287600823864
"269",14809603,0.607129345158868,0.296036480385872
"270",15009613,0.631788214639132,0.518118683820732
"271",15009953,0.589555755722588,0.591637994314494
"272",15059832,0.551954124932554,0.545886971903937
"273",15109873,0.636357587438855,0.594580200401257
"274",15149959,0.59832933069824,0.447469265902073
"275",15159980,0.592241084994419,0.491659784434686
"276",15259989,0.666334571680442,0.730235502458476
"277",15310000,0.599619899636975,0.655050856803265
"278",15399932,0.610878663921748,0.729000405680211
"279",15409904,0.678129058777258,0.531847133770817
"280",15419711,0.525372358038813,0.464972447460831
"281",15499629,0.559971446950332,0.712138866196439
"282",15529995,0.609537769694539,0.545294620918346
"283",15549888,0.701456414798104,0.639508625356399
"284",15549904,0.631368045862408,0.593884522144922
"285",15609797,0.550061362078008,0.455834773153873
"286",15629812,0.547605732896299,0.663600038507489
"287",15659552,0.587088518379284,0.541965471779951
"288",15669814,0.633828271901086,0.587434135676175
"289",15739825,0.618791731699638,0.581358413554971
"290",15759884,0.578037166690704,0.660020599762798
"291",15769920,0.640057553278138,0.487769250400167
"292",15819652,0.6191935731309,0.555177043136324
"293",15819895,0.587875320019577,0.775439886604471
"294",15879989,0.63403869063984,0.43698981724738
"295",15979510,0.614419337417931,0.648834586200115
"296",15979711,0.52237454708651,0.449032112604316
"297",16129896,0.647072394613011,0.405860416970211
"298",16209847,0.586129571352501,0.450376419145977
"299",16239779,0.570241341261197,0.46821242911253
"300",16249638,0.640043772568763,0.692193102626553
"301",16259526,0.649300925270252,0.409432524716853
"302",16269610,0.629715090006763,0.641644255259859
"303",16329840,0.629813310957995,0.165154391444884
"304",16329990,0.560473018600136,0.722606239430417
"305",16339676,0.651004118860447,0.598076829127011
"306",16359924,0.593512021681239,0.584499767497241
"307",16419540,0.667299329591435,0.366533494559343
"308",16419607,0.597853821008078,0.681488246422457
"309",16429753,0.67760635674952,0.428918216022584
"310",16430000,0.602656151919651,0.504181251184012
"311",16439955,0.619379871001279,0.619356732584214
"312",16739664,0.613607155944065,0.669192139037321
"313",16779934,0.646465697979193,0.514666100951521
"314",16829885,0.571339838117886,0.655413136934589
"315",16869990,0.660355356146499,0.533368551220105
"316",16879828,0.665614252786664,0.57461480285881
"317",16909799,0.678921699834868,0.714687176044558
"318",16919581,0.567559913300732,0.357550110545058
"319",16949753,0.641267953754284,0.52580607658334
"320",16979906,0.585372945984053,0.692697964645645
"321",17049579,0.6347206171541,0.439897645204867
"322",17099785,0.554783250342437,0.385621056875224
"323",17189675,0.575832423620451,0.506167435695894
"324",17219697,0.648281330662582,0.65527378761511
"325",17239998,0.544816070429363,0.632578196685176
"326",17329573,0.649305125626927,0.514115590295151
"327",17329814,0.657757866979506,0.605121322348148
"328",17339939,0.69450351788111,0.814531995703216
"329",17349753,0.491548154675556,0.39770773078389
"330",17419553,0.669297916649755,0.436621259933446
"331",17459925,0.546443684763855,0.754295710096891
"332",17599817,0.609631760951411,0.443160368088079
"333",17659971,0.571995428637804,0.550668927447421
"334",17799733,0.541932351767493,0.401381667261713
"335",17829579,0.603030019360893,0.788130679236193
"336",17849812,0.654236586705001,0.717036034407988
"337",17919811,0.638257562820658,0.547693858234238
"338",17929584,0.652216753106779,0.511945351020401
"339",18019542,0.630854081043286,0.589460153230182
"340",18069947,0.540067842630498,0.560389069371422
"341",18079897,0.573114848581463,0.467922930694012
"342",18149540,0.788277155989796,0.681990876373594
"343",18219749,0.59778256176472,0.665888841385329
"344",18229557,0.657566895934734,0.689366582964448
"345",18239665,0.555372816055354,0.506208799133616
"346",18239884,0.592921266714969,0.620580999192723
"347",18249950,0.777236668750193,0.323349282632607
"348",18259541,0.597987946316404,0.364055315681996
"349",18259955,0.670496731233661,0.669873053827005
"350",18309830,0.676247964661733,0.462798811842155
"351",18409710,0.589883462257034,0.337478709680319
"352",18539540,0.564835746106561,0.553068545334001
"353",18539776,0.617390221302598,0.673081952413605
"354",18569576,0.709340202327372,0.701740919854755
"355",18609600,0.586921953186662,0.617302915319289
"356",18859893,0.61245571807411,0.363438702863733
"357",18869934,0.620045126954198,0.524645437545236
"358",18900000,0.560185167151243,0.520760243146664
"359",18909750,0.653475381882302,0.662292154142883
"360",19039659,0.625900160971219,0.686710097467966
"361",19109770,0.610549131612204,0.403787096602794
"362",19119914,0.595622484974383,0.603160330212686
"363",19179512,0.581391099752197,0.502686500690633
"364",19199994,0.647562845506651,0.626787302132956
"365",19339540,0.587760995590538,0.658063224573337
"366",19349984,0.588975354697305,0.573382573764664
"367",19359578,0.637698260922929,0.538833061686597
"368",19369626,0.622106102442436,0.746262840891716
"369",19379606,0.621212471129988,0.469636827092428
"370",19379779,0.554157026970229,0.397933659144357
"371",19449799,0.679872195735113,0.306807744907707
"372",19469766,0.812031382817788,0.727513408405437
"373",19489870,0.475453252076309,0.591087293024852
"374",19609746,0.625466352087144,0.527983903629755
"375",19769843,0.559873365099988,0.432466892096151
"376",19789898,0.622269987709221,0.644944066742912
"377",19849674,0.681237462019756,0.647154883575476
"378",19879521,0.661021092897618,0.504690564033628
"379",19899641,0.410266628378805,0.453710346671784
"380",19909975,0.633845407861223,0.595726089847915
"381",19919796,0.618248612694154,0.677750147828235
"382",19969667,0.591704093480813,0.493994655651757
"383",20009976,0.64166293015392,0.701036820342277
"384",20109577,0.563620591191527,0.414981353619803
"385",20139926,0.534339383358688,0.581594145990829
"386",20179636,0.602266379723326,0.727890435800498
"387",20219866,0.664890643363697,0.597508200624346
"388",20279661,0.63964014817578,0.472137055111348
"389",20379814,0.716677030067608,0.516778092060568
"390",20429899,0.586989434390354,0.510993821259386
"391",20529913,0.519329820251389,0.41054300661341
"392",20539890,0.728625652861029,0.223786459547353
"393",20589880,0.56396128945605,0.502963974898132
"394",20679895,0.580441247687207,0.661809637323536
"395",20799654,0.569575355550797,0.691564135870494
"396",20899797,0.588724225764418,0.469935734002767
"397",20919822,0.601745174082229,0.504617814248592
"398",20959540,0.630683018190872,0.41950128502228
"399",21079546,0.675932773173405,0.645361176575334
"400",21079559,0.600597313710787,0.598482778957052
"401",21139537,0.639231805191661,0.468152904044899
"402",21159531,0.628187598806734,0.679327824894317
"403",21159716,0.618175124538922,0.645976522543652
"404",21189832,0.560782605331387,0.701019504011728
"405",21239863,0.622990850132795,0.47539226213224
"406",21269988,0.537853336217824,0.569629107539641
"407",21319608,0.590051687920383,0.500466435970338
"408",21359556,0.642188163586,0.380117807688391
"409",21369794,0.724578171861292,0.516645067827858
"410",21429902,0.615677251217234,0.616880822053453
"411",21489560,0.658751555554708,0.647658668423036
"412",21549599,0.674560245465479,0.41824430718842
"413",21579922,0.630305876288118,0.727567025347362
"414",21609771,0.704231973267387,0.502918973615622
"415",21619611,0.609539604870948,0.704226214994203
"416",21729808,0.689268524319424,0.552015137379124
"417",21839545,0.623392747439583,0.314640602007827
"418",21849939,0.59367121411322,0.458196993636014
"419",21859540,0.635594993253529,0.474846200319309
"420",21889600,0.686726913895461,0.551076643119898
"421",22009953,0.604081099778065,0.580172338291624
"422",22029987,0.564412228489778,0.564961406488325
"423",22119614,0.631473375098027,0.751672230611721
"424",22129546,0.635425199034507,0.538157707759967
"425",22149556,0.555048682284681,0.582150120971148
"426",22179626,0.546439385918939,0.763844432699896
"427",22499552,0.710062117833873,0.47870284231364
"428",22519587,0.61349160142538,0.486417897096165
"429",22569636,0.737401880004236,0.327747134194433
"430",22719992,0.632666551517077,0.334609839442277
"431",22729979,0.607742511837846,0.577777777121969
"432",22759817,0.623298154999452,0.447797174743774
"433",22799572,0.610293570771582,0.671162517559508
"434",22849582,0.556093265370078,0.705842955912226
"435",22869555,0.519095177632939,0.269401132299473
"436",22929627,0.653597586591111,0.643564659821473
"437",22939921,0.617131235810273,0.527407327536637
"438",23009913,0.630577443788684,0.68853808269907
"439",23039531,0.616055352833796,0.350027025465546
"440",23259899,0.787711492168383,0.694792484878751
"441",23319645,0.712885892948037,0.635140223705595
"442",23319833,0.62804830230805,0.752915183664927
"443",23339994,0.584753221753206,0.65425003354039
"444",23449859,0.599125812922072,0.529051372441086
"445",23479859,0.71046844635115,0.440317381799417
"446",23629919,0.63491708403188,0.373449089379921
"447",23649756,0.585316714608834,0.552359301414669
"448",23669807,0.623012184292955,0.401526658416454
"449",23669979,0.567357641109407,0.54278868801414
"450",23689998,0.641556609371479,0.524310854817532
"451",23839751,0.570258107402326,0.444887530783216
"452",23929953,0.604066327869596,0.517135870162412
"453",23959919,0.650087967571158,0.581837791954426
"454",24039560,0.54098868515732,0.617797258311376
"455",24039818,0.681169940241162,0.647167460829559
"456",24069956,0.600223295459996,0.523879807189139
"457",24099604,0.654595810084509,0.805542346863487
"458",24149601,0.576490314129057,0.581886308490542
"459",24179544,0.600162892324316,0.726392715105454
"460",24259591,0.625602638705785,0.59204717247992
"461",24269853,0.728848450710156,0.439386221989659
"462",24319826,0.67763887306813,0.616528861054217
"463",24319961,0.563852007905345,0.623169424694946
"464",24589655,0.515220947510206,0.538286423675035
"465",24609776,0.731623301065013,0.318279893336918
"466",24679862,0.606057619737362,0.522905174358669
"467",24699548,0.612022506657783,0.622761279237333
"468",24719817,0.661970094207048,0.554081058279714
"469",24739975,0.613360995772752,0.403766682618778
"470",24809907,0.579360220423934,0.55723317975851
"471",24939852,0.594971109938493,0.579085280207352
"472",25069822,0.521904667301914,0.586362267538779
"473",25089819,0.575718622454661,0.596987258589584
"474",25089826,0.671871546292575,0.42154653973104
"475",25129731,0.6865376960615,0.389008692579541
"476",25179810,0.618773924500044,0.549609974951835
"477",25229808,0.562983691092392,0.525623255121675
"478",25249953,0.576480798083599,0.59981922951652
"479",25399559,0.663700945400042,0.611931557527385
"480",25429594,0.680823257270071,0.629841257753978
"481",25439651,0.555814691231866,0.570147822501834
"482",25509648,0.656335617258187,0.70676732510828
"483",25579896,0.5468765956188,0.572590536195022
"484",25619583,0.635983404834043,0.557888742385715
"485",25619933,0.658924769207085,0.508051759199603
"486",25669531,0.638828914195712,0.575701015581856
"487",25759842,0.670709400311741,0.674906206639663
"488",25759967,0.676735629309857,0.487646707972875
"489",25789819,0.448627738615207,0.164470076513464
"490",25899797,0.642271234391441,0.755918473278373
"491",26019578,0.759713607003224,0.345900130526405
"492",26019953,0.633312562841507,0.528391088940408
"493",26039563,0.533707797971852,0.699392308738668
"494",26059833,0.594390452639349,0.535815023262303
"495",26079516,0.431253922018013,0.34029044386929
"496",26079897,0.56821379252135,0.447450817324105
"497",26159683,0.654958571544192,0.786351887318957
"498",26159689,0.665131912136168,0.70359553094305
"499",26249568,0.679753935440249,0.501332957295857
"500",26289768,0.551487454449405,0.649468837535238
"501",26329982,0.572365216186334,0.55830631419924
"502",26349578,0.739521834922034,0.489116314990236
"503",26389660,0.671468009504823,0.612970094441033
"504",26389911,0.625787131763825,0.564872663574884
"505",26499927,0.503999708392866,0.632047259677528
"506",26589855,0.713615167978571,0.381874155219311
"507",26649939,0.648973239109198,0.429986825569052
"508",26659928,0.605815289140876,0.591923450782614
"509",26739689,0.715300900493178,0.571620435486399
"510",26769833,0.626142192214477,0.660861425583046
"511",26769899,0.672413592301265,0.657809372146442
"512",26949543,0.626740759554317,0.584744777436513
"513",27009537,0.579283794606752,0.546410488401829
"514",27039629,0.656833010658664,0.711208513491688
"515",27129562,0.696053145295383,0.403436560010987
"516",27379831,0.551476953612199,0.578617626684193
"517",27449746,0.692057797865235,0.572297550711062
"518",27609569,0.716027387481214,0.72816833315458
"519",27699971,0.573769441228901,0.403331228764296
"520",27779548,0.61767171558253,0.45965566824381
"521",27799769,0.682501197369703,0.646132206720595
"522",27809913,0.6400670335221,0.464093374483068
"523",27899942,0.713625432809053,0.56194121514277
"524",27929598,0.577080084472136,0.492336453644231
"525",27969633,0.741381678579965,0.114868762915039
"526",27989838,0.576028411427697,0.482560824022502
"527",27999642,0.669195271093113,0.573489795443183
"528",28029571,0.618009684608081,0.39954808737582
"529",28069592,0.58433818075712,0.234662880567131
"530",28149580,0.600299029331276,0.659200682995359
"531",28149981,0.582636030673201,0.758825301776033
"532",28189760,0.656280878409804,0.383807692534675
"533",28199726,0.554900791415524,0.620345610177281
"534",28199766,0.601407087787792,0.415676207131898
"535",28219577,0.623017418074049,0.588698196942472
"536",28319842,0.561788846097748,0.399342836335958
"537",28339832,0.604259733815948,0.596375350957082
"538",28389996,0.66816568148608,0.483787032708901
"539",28499876,0.611010899204149,0.52626137473917
"540",28549996,0.571168961539896,0.53380101200391
"541",28589626,0.628929363015966,0.441077083841256
"542",28659946,0.608965999181828,0.443494989837308
"543",28689816,0.577227836211009,0.646175655511497
"544",28749536,0.642581196685231,0.372368364827395
"545",28779832,0.634983341468142,0.690669084352248
"546",28819678,0.568272972577221,0.381941128383384
"547",28939820,0.68986568530904,0.564309696422007
"548",28979677,0.65946708882302,0.526692695380527
"549",28979791,0.562510841020156,0.643588818791488
"550",29079953,0.562313725688659,0.405427551800926
"551",29089643,0.636127475596368,0.607185662616335
"552",29089734,0.657805551736409,0.553225541938933
"553",29299986,0.670071006620203,0.479594999490781
"554",29329834,0.543013483674986,0.599501896561213
"555",29459730,0.556560584339031,0.349768963850713
"556",29519813,0.598986694129332,0.621969211534982
"557",29629991,0.643789229505135,0.280701512903812
"558",29649742,0.618991894033094,0.573748303264965
"559",29759594,0.6224336077905,0.566988677892358
"560",29779654,0.595388787182618,0.540007892096362
"561",29779920,0.552312934679419,0.659919907238601
"562",29819913,0.580730254093665,0.625190309276037
"563",29989562,0.58253636939022,0.698882308813277
"564",29989718,0.64986766365466,0.497281791075123
"565",30019658,0.6010532530327,0.318880647899558
"566",30039834,0.493660574485903,0.4106598639802
"567",30039992,0.611631617249306,0.305976686633381
"568",30079766,0.569181240112163,0.547174537414865
"569",30219921,0.680073069514126,0.554956076266358
"570",30279834,0.529689208549409,0.596855028400859
"571",30339969,0.711340345138956,0.262573765736187
"572",30349561,0.607337840265349,0.627767509311561
"573",30379793,0.636600314039065,0.697539600516889
"574",30469807,0.565346641279173,0.267933615031404
"575",30519968,0.602332033038643,0.529503988180277
"576",30699587,0.643191469961566,0.736190358137392
"577",30739938,0.619933859476185,0.484156230350337
"578",30759570,0.453039147970324,0.52344342180458
"579",30769971,0.661500849761756,0.720412440295101
"580",30869590,0.663098171342371,0.69287614891702
"581",30869611,0.572789263141558,0.49628152711785
"582",30919566,0.66588190951213,0.66319034498935
"583",30919926,0.566371424961217,0.568159814781033
"584",30969620,0.544929008462385,0.761528481888169
"585",31009635,0.538431239172096,0.449106252324045
"586",31039819,0.563674821438993,0.594005901353568
"587",31069959,0.603236758596772,0.571302843260179
"588",31079522,0.637209851885206,0.63595259472188
"589",31079582,0.521379666930295,0.443064132057578
"590",31119827,0.699631359374142,0.500253228913153
"591",31139798,0.591166659607957,0.450563617514313
"592",31199832,0.664127828308594,0.596126333617687
"593",31269801,0.621962193351612,0.404094909853795
"594",31359876,0.595625277193001,0.465848884992532
"595",31379599,0.53069557840244,0.668545105327452
"596",31419913,0.575607355967688,0.648521345933842
"597",31429680,0.620507125748741,0.690450938119436
"598",31469834,0.572238640140541,0.50024508588607
"599",31479538,0.612599803869212,0.486845475078393
"600",31529975,0.636010921768081,0.704154547453155
"601",31739724,0.639873033927902,0.4531865961409
"602",31859800,0.566671629702345,0.405410579077989
"603",31879773,0.59362392730154,0.607913742323382
"604",31889833,0.667171257636306,0.75122745044221
"605",31929673,0.534441816965416,0.767981910120384
"606",31929809,0.530039350074307,0.537841494608086
"607",31969970,0.512332086411082,0.511522397281436
"608",32239576,0.640274522010549,0.658790109292445
"609",32239659,0.609381917178553,0.721031794431576
"610",32289868,0.672864974129607,0.576857672322096
"611",32329957,0.609453656961043,0.638710778138248
"612",32439773,0.667310917839774,0.569495173417923
"613",32469998,0.672694803468874,0.610781124905936
"614",32489834,0.526296477848916,0.519256673194291
"615",32489866,0.594698035259302,0.511074060213559
"616",32539994,0.621718852915847,0.615301167106401
"617",32559820,0.614535097289756,0.453164608227744
"618",32669761,0.716230972790943,0.503432385118553
"619",32679614,0.562418415314037,0.702835685395237
"620",32689582,0.598525581082554,0.447198792320447
"621",32699523,0.663050795528097,0.466588885058206
"622",32739623,0.636122758246786,0.467402846257376
"623",32779934,0.594218406992222,0.658244282293626
"624",32829816,0.569320692279617,0.511499611968102
"625",32869808,0.695945758990712,0.599819091495176
"626",32929755,0.595120169821673,0.705145965023128
"627",32989638,0.612854213996358,0.741035582224627
"628",33029710,0.613718767795671,0.54594847898439
"629",33099906,0.628263681524073,0.455386463544441
"630",33119644,0.632758915602571,0.658323725785395
"631",33169596,0.705999781581205,0.462372552260235
"632",33249934,0.579682759421553,0.649847082961442
"633",33259651,0.525838882995059,0.583376804312953
"634",33269822,0.555178711087594,0.583697591888173
"635",33289930,0.597756361366455,0.629551174066914
"636",33309653,0.725991965361959,0.412327601900519
"637",33329832,0.605652204138283,0.650854760802791
"638",33369963,0.639308775184559,0.663892484107156
"639",33419626,0.719268113087425,0.677929481780585
"640",33489870,0.489555670167868,0.524881076444479
"641",33699866,0.553003506574454,0.37823405594764
"642",33879810,0.614227353961704,0.422569202667371
"643",33989662,0.661528140482868,0.727956022638102
"644",34159622,0.602421005666989,0.531195576899379
"645",34179982,0.524392979730583,0.731317101693939
"646",34259807,0.61078115050279,0.613595664283003
"647",34399626,0.551931193166205,0.442500199861006
"648",34409832,0.732893129090127,0.513920361693447
"649",34409978,0.578726586806913,0.611999594352968
"650",34519809,0.622733926197764,0.612064041862914
"651",34549548,0.658078506310807,0.594653789704136
"652",34589796,0.59516263344736,0.54454400958541
"653",34609961,0.527795366792561,0.734289130808823
"654",34629641,0.537746174797091,0.565097403748824
"655",34629733,0.594405822518462,0.516666266188737
"656",34639975,0.554649644607515,0.699968419746606
"657",34669973,0.546186728319084,0.652517652519763
"658",34699653,0.673259326313698,0.360178670283252
"659",34709739,0.577638064031285,0.690301363989178
"660",35019716,0.640123078402759,0.654361861317705
"661",35079602,0.6611371681113,0.557375054261139
"662",35119545,0.607164126549552,0.716458748236328
"663",35159813,0.65214284683974,0.572688409288121
"664",35189958,0.724355747399396,0.417168201963128
"665",35199607,0.611872007997088,0.396273780172235
"666",35199715,0.572524911737953,0.522067113509496
"667",35239958,0.604375080234935,0.781789556107754
"668",35359972,0.645340229279782,0.525169091921181
"669",35389919,0.564909565370435,0.729907874294435
"670",35399615,0.561970244947047,0.412405462001903
"671",35489977,0.704437654947158,0.59408063548342
"672",35499946,0.680330681119691,0.604066769654699
"673",35569547,0.664592373950461,0.462564011665067
"674",35629782,0.541923996298505,0.536998070574039
"675",35699915,0.693740539128174,0.619318952611596
"676",35879867,0.646891480554469,0.501949948960398
"677",35909717,0.626141512967293,0.62475997979667
"678",35909909,0.679306405554034,0.768923957972066
"679",35929982,0.535530168904485,0.583611781747329
"680",36039996,0.61863512242315,0.695649020197352
"681",36139969,0.633660673986204,0.62469125248643
"682",36259638,0.56561213705382,0.613000963756887
"683",36259820,0.509860452827425,0.359597276796221
"684",36269591,0.546394753703799,0.528422533641439
"685",36279579,0.53504666388134,0.442340832247886
"686",36339672,0.523318998542699,0.553577249026365
"687",36349611,0.633734305024722,0.816730546150236
"688",36369965,0.458836557265962,0.540798672902542
"689",36499864,0.668739086200262,0.501315167340695
"690",36559554,0.597784053702542,0.588985382290187
"691",36599872,0.63604883999629,0.589659919386896
"692",36659834,0.530889485908108,0.574465977000679
"693",36779796,0.626324333003417,0.649001110147327
"694",36829577,0.622992497041101,0.535420640763
"695",37059708,0.598498508721841,0.574662452308503
"696",37079576,0.612107727754664,0.573915077489168
"697",37089659,0.567358193036903,0.595788968588253
"698",37099551,0.61730636962635,0.730543315017657
"699",37109806,0.631822051337119,0.574940534200486
"700",37129841,0.5323927082164,0.593309637184771
"701",37169928,0.640616164912881,0.667983238596135
"702",37259652,0.630413725451459,0.733693913446233
"703",37359574,0.629372704314805,0.727807266357852
"704",37449943,0.591427878384198,0.758603741279262
"705",37489965,0.543350047556094,0.585454606391035
"706",37549523,0.564919822345327,0.390011095399069
"707",37549587,0.600883307800513,0.615438863412266
"708",37589569,0.553080125899276,0.502690077353741
"709",37719816,0.66509465330918,0.305895975213937
"710",37809904,0.612046539648245,0.72644070082931
"711",37869746,0.57508149311325,0.506071863091117
"712",37889608,0.554256148262218,0.687192110400807
"713",37989556,0.66941848583105,0.394727213482168
"714",38039576,0.679012007006068,0.518874908877653
"715",38169913,0.630041463400141,0.608044699740242
"716",38199808,0.650778463319928,0.60809006503117
"717",38209579,0.576613289141648,0.681743041646768
"718",38249885,0.567489712196293,0.421081519855612
"719",38269885,0.576483126050727,0.548696390312151
"720",38269966,0.581981642499448,0.819257917999533
"721",38279998,0.602701595853066,0.580011143354065
"722",38339836,0.721730773861839,0.643516533942753
"723",38369823,0.609775735299646,0.637508624761591
"724",38479729,0.588192846245109,0.572557737695755
"725",38519883,0.593162150351558,0.710060439883678
"726",38539649,0.648867158472728,0.597980697973141
"727",38559992,0.634515181718507,0.439825014394525
"728",38669905,0.62959367942476,0.565184219937196
"729",38679713,0.571181045290791,0.531161033100503
"730",38719830,0.546222844015179,0.658730602097048
"731",38729807,0.618438765177912,0.378586766900009
"732",38729898,0.669655720150526,0.514583853463825
"733",38789712,0.639325420202702,0.445926597486582
"734",38889633,0.598483680089805,0.480674160697669
"735",38959697,0.631719947514659,0.525666933867876
"736",39089617,0.55213708468568,0.453831916583081
"737",39139826,0.622050843963156,0.57055476720068
"738",39249767,0.68136126017122,0.628143208450594
"739",39269851,0.545332433943474,0.547829234383526
"740",39279924,0.639893913843333,0.691240690231412
"741",39409698,0.577018744714315,0.601738851818372
"742",39489900,0.689782992131485,0.485344159446325
"743",39499797,0.601429751761989,0.6776641695076
"744",39529828,0.614835716839251,0.512813638980059
"745",39669546,0.5288178485666,0.387406721654832
"746",39679584,0.654505509702627,0.534736003421993
"747",39679904,0.687601889677575,0.56680944165205
"748",39699983,0.671685119718964,0.598338722294713
"749",39729982,0.604645847117291,0.734834971239008
"750",39769980,0.620359698859681,0.561779537159641
"751",39849975,0.520011559429949,0.474201820328349
"752",39929975,0.613733646873848,0.698070299685908
"753",40029833,0.67796086545916,0.579333795938002
"754",40099958,0.622227315503364,0.456332894041223
"755",40169835,0.515674001760291,0.645461780769212
"756",40239915,0.55912741314128,0.579500286456735
"757",40309538,0.64573832874078,0.676356020878321
"758",40349905,0.646842599568188,0.452442591001796
"759",40439944,0.521604810649031,0.608309594002868
"760",40519972,0.613379829831369,0.311220375309294
"761",40549840,0.692575040587326,0.802689307000308
"762",40549931,0.651234900040346,0.589063026193874
"763",40619813,0.525344279077503,0.57188111851798
"764",40669781,0.72895084282681,0.243854466893087
"765",40889581,0.640430865262735,0.398683347428834
"766",40959631,0.472148586395718,0.707485975886995
"767",41009992,0.665437158905328,0.69337526335938
"768",41029517,0.620323935702704,0.443526395594548
"769",41309992,0.615258507694467,0.514201419960973
"770",41369994,0.597378948647942,0.488787202198738
"771",41459822,0.571502732670654,0.642295398026628
"772",41469903,0.570756957840915,0.757616174118709
"773",41469905,0.548969911686456,0.577865143800406
"774",41519646,0.58066530418639,0.372800667569785
"775",41539590,0.638828023361269,0.49490781301034
"776",41579936,0.649045421058387,0.416291448789319
"777",41659638,0.610093204417654,0.574952912604942
"778",41709604,0.503041098218556,0.616316194685578
"779",41709665,0.562968382178661,0.569529213583859
"780",41739754,0.576110154184207,0.599179969719882
"781",41809980,0.67403936883109,0.333346554440975
"782",41889912,0.550379417813526,0.63376807563837
"783",41919552,0.595820952524264,0.568519771363479
"784",41939652,0.688214258858992,0.625962097648174
"785",41979817,0.613623574900295,0.686829190389322
"786",42119554,0.591421189352113,0.590125761627594
"787",42199812,0.551307226147815,0.526474558078927
"788",42409790,0.574932142334225,0.568339043655117
"789",42469797,0.576777542801457,0.365269744671132
"790",42469999,0.61376280455658,0.395089525404293
"791",42509936,0.666164502019198,0.569416168786103
"792",42539880,0.729994485517725,0.548445482350101
"793",42559965,0.618035563226689,0.596171139331335
"794",42609554,0.641567953333102,0.507037508359671
"795",42659898,0.584209097656967,0.494569690570411
"796",42659994,0.632027678360496,0.411551470652046
"797",42789967,0.651378261895192,0.669957632575385
"798",42799553,0.667506042205785,0.419902492078568
"799",42809735,0.718509977770504,0.51231030907941
"800",42879651,0.561563373408213,0.721640451346991
"801",42889548,0.714545431801615,0.404630986689463
"802",42909650,0.578803946490929,0.753123941223241
"803",42939560,0.618170790404896,0.286924040721871
"804",42939627,0.526974257368183,0.502311750803828
"805",42949598,0.503124271812088,0.563632458129838
"806",43129969,0.62288084008892,0.47868448345038
"807",43209587,0.639961033383709,0.635386955228777
"808",43249812,0.616111551244486,0.344632276275718
"809",43429730,0.579502189081723,0.498663484298735
"810",43499795,0.515131871055494,0.68873172681245
"811",43509764,0.588499341219375,0.509026294132808
"812",43519730,0.577360463713688,0.430625740615633
"813",43769997,0.585855890113808,0.548335866097172
"814",43919990,0.673972602821856,0.608319600946249
"815",44009605,0.595684080676984,0.599665742929307
"816",44029996,0.626172128812077,0.521261167079283
"817",44159991,0.567348003871699,0.65352928892266
"818",44209904,0.580995489057841,0.445123311444001
"819",44279584,0.645869409219263,0.488888832237323
"820",44379899,0.595818268231788,0.730199759610064
"821",44419979,0.664492742305128,0.135712741729197
"822",44599687,0.586381175706942,0.520400469503056
"823",44629969,0.712048730892705,0.537372907302741
"824",44699537,0.617101501115216,0.435552259009335
"825",44699716,0.672107898826463,0.56745588357044
"826",44709994,0.597494769168984,0.61047705699023
"827",44769894,0.542336845537988,0.771833311158988
"828",44809845,0.723255763219082,0.367901626802189
"829",44829828,0.674601023632711,0.648458415280621
"830",44879963,0.673347439639659,0.714874566077613
"831",44969803,0.636119810751105,0.620044069977729
"832",44989801,0.543927632296487,0.613882915585392
"833",45079933,0.611529186017385,0.549044390067958
"834",45089974,0.608711701866342,0.675770982061718
"835",45229831,0.634733324690251,0.619675408344683
"836",45289949,0.645854822752322,0.679107019717521
"837",45369949,0.612841271520178,0.698833338160993
"838",45419827,0.575814278688872,0.551911031933722
"839",45459835,0.511330953559098,0.134664325622554
"840",45459951,0.583081304822074,0.643334934417542
"841",45519715,0.596809937206018,0.586892746862874
"842",45519981,0.619024055094747,0.530479844023722
"843",45539850,0.666632923811577,0.694505693538692
"844",45559604,0.577669171557369,0.612519799221524
"845",45609976,0.59740875423737,0.631678358837401
"846",45639859,0.5639598140999,0.481321678686993
"847",45649777,0.540850983441368,0.547741741880724
"848",45719537,0.619254802941598,0.446891058883643
"849",45729602,0.666320209966962,0.551365671474258
"850",45729762,0.525083215500515,0.664128690190216
"851",45729819,0.630635332264772,0.51940262112104
"852",45769973,0.713929759880677,0.590222773751799
"853",45809866,0.630971308698184,0.564825798740224
"854",45849808,0.663881698713503,0.545256072321404
"855",45959960,0.71017864765748,0.642641543951543
"856",45979995,0.651542714887667,0.531649535620998
"857",46069693,0.741414198076645,0.540452589774293
"858",46079514,0.589533726576714,0.525949993463588
"859",46079888,0.66879889238766,0.548586067993253
"860",46109997,0.62762099095269,0.62312292770182
"861",46139864,0.674597236463455,0.496130960951388
"862",46159619,0.602687858827746,0.577820963798721
"863",46169874,0.606473451294708,0.654211134376703
"864",46179611,0.652306967995471,0.73185374844153
"865",46249668,0.556759516854026,0.673858703798166
"866",46279833,0.592210118785658,0.499198411838385
"867",46319846,0.589653997180465,0.609000734264998
"868",46379873,0.672176467511189,0.189860232981349
"869",46409826,0.645406865380525,0.372303084555626
"870",46489831,0.692045387155766,0.602822993436317
"871",46539873,0.583086850145201,0.592492893498732
"872",46539981,0.650840472301794,0.613235972878717
"873",46619809,0.568165611082329,0.496195631943651
"874",46769985,0.684288567806824,0.632566156168567
"875",46869541,0.703073441334508,0.437144351226606
"876",46959980,0.66385786526054,0.34080787511159
"877",47009769,0.490191075952319,0.689672197440689
"878",47029730,0.570761916867587,0.53817175350814
"879",47189724,0.604997287619956,0.430275656293119
"880",47199967,0.558858843238302,0.608510072481508
"881",47389671,0.670148350001817,0.683391437199171
"882",47409833,0.597442299904337,0.636177400164384
"883",47519536,0.553605916131428,0.575226374939536
"884",47519827,0.635659727828025,0.701322450750291
"885",47659578,0.629918562484202,0.601367086678192
"886",47729807,0.680590401578825,0.585390326574356
"887",47739935,0.583864546982498,0.61026272988276
"888",47779590,0.618841917310584,0.664965077184771
"889",47809660,0.75214941100347,-0.0672097567906092
"890",47889961,0.66714278407071,0.597740701988261
"891",47899869,0.573436190673054,0.71726342699663
"892",47979538,0.565592170157477,0.473227618636701
"893",48009606,0.543403241182976,0.551565113583642
"894",48009896,0.692722308468497,0.619382816631964
"895",48029974,0.577193786390232,0.768023440396297
"896",48049982,0.535132399014665,0.65223725177452
"897",48109806,0.562352034505238,0.540693726652207
"898",48119832,0.743061464784866,0.517503023851965
"899",48179755,0.671374713147645,0.52394448995465
"900",48209978,0.552343139739681,0.623512638511456
"901",48249965,0.606051947353793,0.68182277101165
"902",48289855,0.636805236528197,0.667720522678671
"903",48339829,0.65845099074633,0.711084015883641
"904",48379629,0.652734584620865,0.584413475218907
"905",48419623,0.675904832235275,0.59428820514927
"906",48429907,0.670384357620408,0.673159055937737
"907",48439936,0.684044932597748,0.475336629343521
"908",48479522,0.570648365498766,0.557205703980577
"909",48489598,0.597026894260417,0.49174113559383
"910",48549830,0.576829918350422,0.650367722605134
"911",48549881,0.555992617548711,0.514593581085736
"912",48619969,0.670798359651185,0.567702343253017
"913",48669585,0.558438509761742,0.658545683840597
"914",48669992,0.650183240403433,0.654713684689516
"915",48739827,0.582214825278506,0.523632178217822
"916",48819714,0.64128941217138,0.567582041696663
"917",48829987,0.643532031223637,0.552913819142303
"918",48909989,0.585439097867415,0.553483240853754
"919",48929881,0.51859574301794,0.503890099475054
"920",48939584,0.71134234337637,0.455805162200844
"921",49159711,0.645107180210689,0.750807884829352
"922",49299583,0.478473857735713,0.436574629075083
"923",49359922,0.658637206444498,0.668462161625282
"924",49559641,0.635009033777519,0.622756896312569
"925",49579835,0.556050190071778,0.734843607140872
"926",49709559,0.584274976978032,0.7359103087148
"927",49719951,0.590731174145367,0.478565785039957
"928",49829757,0.678926106953701,0.538370715116254
"929",49929593,0.573572066860978,0.730274244544082
"930",49929918,0.65812686172547,0.5931291763303
"931",49939636,0.59984611270062,0.659715210288648
"932",49969707,0.569023526830686,0.669168605523514
"933",50019950,0.675301989075457,0.352307780253686
"934",50029548,0.623561620481811,0.395006805988631
"935",50069642,0.542145619260757,0.577011379259782
"936",50199580,0.599458224140488,0.612961651070913
"937",50229998,0.683581026779196,0.332168996745696
"938",50279938,0.700722554926996,0.49246306253959
"939",50369772,0.633154150864448,0.649723717221413
"940",50389832,0.590034617702441,0.658998855047381
"941",50509899,0.535623773923852,0.648930570546076
"942",50629997,0.661383007414995,0.687989967098521
"943",50639616,0.762487956586167,0.652632796402815
"944",50639879,0.634112566384169,0.448807129791595
"945",50669657,0.6819716710514,0.549411055136839
"946",50689836,0.541408056099187,0.44997020360273
"947",50729606,0.618084325444178,0.511683154156592
"948",50759569,0.577564047692797,0.656117692233526
"949",50759829,0.621504574262435,0.528152108112319
"950",50759830,0.545840062593903,0.522869166658217
"951",50779606,0.55702368182624,0.4098340702014
"952",50939655,0.619434784845052,0.582405494609792
"953",50939995,0.571533368407755,0.565782216593276
"954",51079908,0.64409920684687,0.578539080255659
"955",51149746,0.546011792771696,0.407453704138981
"956",51169803,0.568091066698146,0.70089131861184
"957",51199835,0.587197942581479,0.575751991138904
"958",51289528,0.616975832193169,0.512265525152435
"959",51369561,0.617953036975014,0.530269781133853
"960",51499926,0.581853887963353,0.527036150705649
"961",51509611,0.761624345334813,0.535363845536735
"962",51619805,0.64437740141841,0.619943193486453
"963",51669721,0.590776112729926,0.202326986422503
"964",51719995,0.637148289156311,0.600273598054178
"965",51789516,0.646655424930175,0.413620848167253
"966",51849807,0.609254301461513,0.629086944921111
"967",51939992,0.635874416401206,0.635378871755823
"968",51999637,0.592166045974913,0.578986066221712
"969",52039819,0.560110492061922,0.569057287221057
"970",52039852,0.627965205406171,0.641752252126227
"971",52109908,0.61629065372533,0.610133831058793
"972",52189993,0.669590066196053,0.622498499318367
"973",52279824,0.629084854476037,0.669140396551028
"974",52309908,0.608696913225494,0.623345869105001
"975",52319807,0.593798665726749,0.599270315942847
"976",52469867,0.606881471731785,0.4351861854046
"977",52499843,0.555641585185951,0.609300397172019
"978",52559517,0.684697422587084,0.427484705397704
"979",52589819,0.625007154216028,0.557920471038979
"980",52699569,0.567389855542798,0.391634146182266
"981",52709691,0.640953916554957,0.598537232032388
"982",52809650,0.601517230531658,0.555439014802265
"983",52829828,0.63425324474337,0.546783127648924
"984",52909570,0.591639019981063,0.755776111143531
"985",53129539,0.674395682710954,0.299990488752078
"986",53179532,0.636205568031263,0.447215901701149
"987",53179975,0.61006119847699,0.405132442557092
"988",53229603,0.620454620810696,0.650403959154702
"989",53229965,0.660977741283638,0.699974901092248
"990",53249609,0.573071041174713,0.575722914837253
"991",53349544,0.596350419079455,0.346262271023063
"992",53369610,0.592655503965626,0.417337027141324
"993",53419736,0.585871644650732,0.581446743219439
"994",53449605,0.688458366792085,0.541182618307748
"995",53529975,0.628215127571611,0.635945947435542
"996",53629714,0.69937160247745,0.639348021574137
"997",53679928,0.616046757970585,0.654208054613367
"998",53759799,0.589411027173568,0.680481111526624
"999",53769798,0.610820453233469,0.607439738148145
"1000",53849651,0.614807515197116,0.602199471660641
"1001",53869803,0.57941629248466,0.445745620996634
"1002",54049814,0.633721126496819,0.657614654645365
"1003",54049864,0.661259645612312,0.436850120359267
"1004",54069996,0.637673466074777,0.487700439092377
"1005",54079758,0.650842518002043,0.50329774112871
"1006",54099615,0.583897193598861,0.59388490315979
"1007",54199733,0.633651560044555,0.524078318933553
"1008",54279893,0.689639119630927,0.806034906534988
"1009",54299912,0.655955754549708,0.638936732684266
"1010",54329919,0.613604735143082,0.548558015242604
"1011",54339683,0.760048131210465,0.544287862146041
"1012",54339975,0.59846146959839,0.585317388522328
"1013",54369934,0.663812235872295,0.624626795888871
"1014",54459976,0.580668386669986,0.54629800871625
"1015",54479948,0.49517953033786,0.591394192142983
"1016",54489828,0.656259230349929,0.558656638591261
"1017",54489891,0.623190065464722,0.517015264011654
"1018",54589520,0.59371102451733,0.515319712976038
"1019",54639610,0.582938426283946,0.348009425802629
"1020",54649817,0.580095350270409,0.601937545894794
"1021",54729532,0.739439684485539,0.277642447233836
"1022",54809974,0.697353596584305,0.55491525887537
"1023",54839800,0.589511082790353,0.533450439399547
"1024",54929978,0.61659164258012,0.695123409392487
"1025",54939899,0.624493784541374,0.630206498032281
"1026",54949540,0.660611118300526,0.529479730531797
"1027",54949636,0.695708656858301,0.574229054450437
"1028",54969865,0.616337875197065,0.690323535776517
"1029",54989628,0.564278593573308,0.355822798561085
"1030",54999909,0.662109510197927,0.410436176708975
"1031",55059561,0.598142211192156,0.569241212414265
"1032",55139982,0.621735781143827,0.317331434671923
"1033",55259950,0.576862063961592,0.55364961836045
"1034",55289819,0.675941195179846,0.637318149077735
"1035",55329632,0.702320261839885,0.382650410821007
"1036",55339615,0.633931126320036,0.59977966024937
"1037",55469918,0.618795643316897,0.682804305330156
"1038",55559919,0.707295693171685,0.548862938636346
"1039",55659902,0.591738416207526,0.487589299065417
"1040",55699764,0.627651147250927,0.516616801963711
"1041",55709533,0.613171761267795,0.371452915263615
"1042",55769927,0.534137164568953,0.708660515953361
"1043",55779990,0.637110119353921,0.676289117622382
"1044",55849949,0.649888335439432,0.59696801830328
"1045",55909600,0.67303137275684,0.324588412129252
"1046",55919816,0.576069507049908,0.599881264533137
"1047",56009954,0.620658205349577,0.634155997840213
"1048",56209977,0.619911991179138,0.625182499264937
"1049",56229619,0.660678993936262,0.643359885013432
"1050",56419772,0.616174813721256,0.608466021697547
"1051",56519660,0.579355970207371,0.370073127186816
"1052",56569927,0.539104456242593,0.760065731556143
"1053",56629813,0.653178811476825,0.671004739821535
"1054",56659977,0.590396447496079,0.524337686942752
"1055",56669670,0.65976631351716,0.563468015440292
"1056",56669958,0.642415302358706,0.589338020744697
"1057",56679721,0.703007391595637,0.632249435805334
"1058",56679912,0.59534454084494,0.65854730127099
"1059",56779976,0.669550586280935,0.614201865945701
"1060",56839870,0.553385763734128,0.484203605437911
"1061",56889552,0.639359627855889,0.298491433657029
"1062",56929728,0.700127341433518,0.63126847647331
"1063",56969964,0.63182648512428,0.584169582252483
"1064",56989607,0.630045675662027,0.684287197140516
"1065",56999610,0.596115393129143,0.312657982132895
"1066",57019943,0.705031175020148,0.578894528915596
"1067",57029982,0.583286237816108,0.464653872532166
"1068",57069655,0.732625566321515,0.409302419675229
"1069",57229509,0.678927272756566,0.419588340095107
"1070",57289543,0.60693789837323,0.48320261745803
"1071",57339809,0.752174613800367,0.490067888697024
"1072",57399832,0.585584687451626,0.517148006947138
"1073",57449541,0.558981252122792,0.64022634978522
"1074",57549928,0.587502954453364,0.694044815242098
"1075",57599576,0.691011115935596,0.624921203740465
"1076",57669579,0.602998597507765,0.618110327961383
"1077",57769613,0.661186769339313,0.501666747447857
"1078",57779734,0.598263499484255,0.536273381055061
"1079",57919773,0.686566256370778,0.6014634253784
"1080",57949815,0.636328425765399,0.624214706133072
"1081",58039870,0.55042926305568,0.66782504308949
"1082",58159515,0.544514601901312,0.553930923833282
"1083",58199854,0.627848776076564,0.556380283276804
"1084",58199914,0.585788584735072,0.52339470429278
"1085",58199923,0.661153184773602,0.563356959855435
"1086",58279550,0.698488954968331,0.509347974816086
"1087",58349654,0.557927441571958,0.728264608926757
"1088",58439884,0.641039874033724,0.673167928175646
"1089",58489985,0.567058315602012,0.585920743266204
"1090",58629981,0.629159347845378,0.400719296729629
"1091",58769773,0.639295565812303,0.578786079829793
"1092",58859523,0.677758496537842,0.423850442348028
"1093",58889636,0.520744219544332,0.658182868086018
"1094",58899766,0.59244943651922,0.497673203409821
"1095",58919615,0.665195341663157,0.571244873171326
"1096",58939977,0.705467528895838,0.678918310013711
"1097",58959780,0.527836535976705,0.643354087144179
"1098",58989946,0.736169179355723,0.548739368825961
"1099",59089608,0.648342338789824,0.764447877087828
"1100",59329765,0.746155810666368,0.71462552175295
"1101",59359786,0.563058330259179,0.551347089675645
"1102",59389751,0.634566346290816,0.545523170414296
"1103",59499720,0.613601872684592,0.657473650339542
"1104",59509843,0.542356862400882,0.502139034559232
"1105",59599598,0.516839731469092,0.519762214597852
"1106",59599958,0.575102955985119,0.615063343975808
"1107",59619819,0.64875701478241,0.67070369354632
"1108",59629547,0.564832463928122,0.412714850542971
"1109",59639676,0.518350294356435,0.592362084597584
"1110",59649884,0.621343537310039,0.675199503207794
"1111",59709872,0.621447882283198,0.601280083610114
"1112",59719854,0.631680250370354,0.549317385068617
"1113",59719949,0.588272046267206,0.786273202961184
"1114",59739753,0.557301133889828,0.721549095699365
"1115",59769826,0.634714414486777,0.679528565361075
"1116",59869993,0.594464039268653,0.465092653957927
"1117",59899635,0.61831601926839,0.468750125331082
"1118",59909971,0.573121588854195,0.470094142491541
"1119",59979982,0.543467351805649,0.72014792854454
"1120",59989974,0.603190977221844,0.73965705173404
"1121",60009847,0.66241817581309,0.517306185671774
"1122",60039707,0.525724660981391,0.645872820242799
"1123",60049963,0.624109266774603,0.550888690400244
"1124",60119515,0.638484352581429,0.432757315920767
"1125",60200000,0.522754313327134,0.443436021357899
"1126",60259886,0.66809493364001,0.480747738212177
"1127",60329807,0.66432337162826,0.573452541503375
"1128",60559643,0.588463540915666,0.655959727693853
"1129",60589972,0.71213391755237,0.787405455115527
"1130",60609935,0.5616764523209,0.529186356922347
"1131",60619555,0.663191271078154,0.650871074811075
"1132",60629976,0.603665744274723,0.766429429873491
"1133",60669998,0.613226451442352,0.557397000224505
"1134",60679980,0.546702323974274,0.674164755756233
"1135",60719983,0.619040447134872,0.587639357565791
"1136",60749585,0.649904466981026,0.133171495167252
"1137",60749938,0.544834238639446,0.635043728964007
"1138",60769795,0.61233814746744,0.646068102526215
"1139",60789968,0.619525223383635,0.602404031959775
"1140",60829822,0.652444475296936,0.750684693479234
"1141",60839618,0.664268073281894,0.742281931812963
"1142",60879854,0.567758838013337,0.584583159312124
"1143",61019724,0.60228129841765,0.475218735654627
"1144",61079531,0.63688229926141,0.525302201972776
"1145",61109732,0.63845794569989,0.479938473389431
"1146",61129655,0.620869542476333,0.673088372404847
"1147",61179722,0.697525149086821,0.627233404176992
"1148",61209544,0.618095650570605,0.562492988238721
"1149",61279763,0.637377922425104,0.565551539496689
"1150",61319998,0.558630856747929,0.585655282207785
"1151",61359967,0.779565819647364,0.292627473993138
"1152",61389597,0.653622552364362,0.569722828285198
"1153",61549555,0.626083744558175,0.409667240133811
"1154",61609986,0.659275392457467,0.488330412418084
"1155",61659986,0.604912826985275,0.752333637585588
"1156",61709633,0.502670025713548,0.477210302200352
"1157",61719826,0.651992052664013,0.610208561063165
"1158",61759984,0.627814105564386,0.406525775102026
"1159",61839894,0.75895811984791,0.640349905219074
"1160",61869951,0.572323926590995,0.453463050639359
"1161",61889820,0.68088320741682,0.485096482517364
"1162",61919896,0.63088081217808,0.763595464352798
"1163",61999562,0.556908011394054,0.528372471483825
"1164",62009827,0.729550270877729,0.592045365365381
"1165",62019817,0.640566192530085,0.742404052746228
"1166",62079928,0.570327180611762,0.724084111278466
"1167",62129717,0.584162946644,0.524118093395151
"1168",62139531,0.641058214084845,0.646241659797195
"1169",62209651,0.530359804425062,0.470193571203729
"1170",62259660,0.699940407096308,0.626489868644986
"1171",62409736,0.60577129646651,0.585285069422126
"1172",62439913,0.658949640840645,0.424126079278028
"1173",62719926,0.602169482240051,0.389770572347108
"1174",62799731,0.573061700371381,0.653426697201017
"1175",62829619,0.667842965963377,0.742654172805007
"1176",62949989,0.590093917793659,0.615467344441932
"1177",63019856,0.599941475457134,0.447911385674004
"1178",63019938,0.587092547657887,0.773432732791709
"1179",63039914,0.658257736268755,0.562542698891464
"1180",63049872,0.615518692406457,0.595310016222517
"1181",63139548,0.636336513611012,0.691973862811204
"1182",63149599,0.626673768628871,0.575833471839095
"1183",63159673,0.616645044971041,0.633704321126136
"1184",63199955,0.650409539532555,0.428668924174111
"1185",63329930,0.657369199854179,0.602698262987961
"1186",63369805,0.570408750040581,0.588597058034598
"1187",63509609,0.591471292247928,0.377979125061486
"1188",63509900,0.627207757171096,0.609518382817216
"1189",63539889,0.652271046249377,0.70944140693308
"1190",63569918,0.589414521445472,0.732171440242303
"1191",63579822,0.592588848432591,0.642948658134201
"1192",63609837,0.633466043928159,0.401988816611485
"1193",63649948,0.670627031514746,0.584434161307021
"1194",63709996,0.654805826924614,0.523938241941323
"1195",63809842,0.618647071603395,0.774670486050207
"1196",63869936,0.567638406346082,0.618262914181556
"1197",63899694,0.723417487862657,0.601462615168989
"1198",63929565,0.797056577893007,0.8198753469736
"1199",64019655,0.662862859392101,0.79886615410632
"1200",64049949,0.623785158434323,0.669129870553832
"1201",64069935,0.553565908621716,0.585469051091213
"1202",64079828,0.633414553361145,0.66557479008752
"1203",64099775,0.619041840318852,0.500149531556643
"1204",64119580,0.659510902138446,0.552285564372234
"1205",64299942,0.643357604561286,0.538037665191966
"1206",64519986,0.547602452939215,0.433352307932892
"1207",64599801,0.615810083826364,0.597003979267439
"1208",64609833,0.602448908642434,0.69074543344626
"1209",64699907,0.663666396871653,0.415885833263713
"1210",64799525,0.645052725182744,0.440369019001796
"1211",64819730,0.624667873039991,0.313186030898437
"1212",64829730,0.665516833838165,0.517826532866721
"1213",64859710,0.521225674169906,0.590036374724355
"1214",64959795,0.587802726816313,0.514739280333629
"1215",64979914,0.60880511663787,0.679708580366255
"1216",65029545,0.67656889711567,0.648900763476228
"1217",65029719,0.635785833403935,0.375050780256694
"1218",65029956,0.648387423136418,0.531092776391576
"1219",65039971,0.768857995664304,0.568928121851612
"1220",65139945,0.60898720763201,0.517099563455101
"1221",65179986,0.594733712586674,0.471232398252102
"1222",65259829,0.672410480957948,0.713867616895081
"1223",65289953,0.586061905744262,0.737771145706434
"1224",65289989,0.614722968702602,0.530178713077272
"1225",65369922,0.664864591552941,0.523051113149479
"1226",65389934,0.616497552137905,0.488906161681818
"1227",65489581,0.558599432988837,0.680889747261865
"1228",65509546,0.541320616339229,0.547936807691283
"1229",65519932,0.54878016480064,0.499717396421634
"1230",65609656,0.648789109679275,0.524671106151525
"1231",65649582,0.61925150277425,0.684958683358369
"1232",65719947,0.505194464184257,0.700004277418157
"1233",65929545,0.581669005345042,0.671393435557072
"1234",65949616,0.67384185423105,0.543284789152842
"1235",66019821,0.587951004224254,0.579323423937017
"1236",66069532,0.571453554249848,0.352829844152499
"1237",66099964,0.616638268965858,0.364954921935907
"1238",66139812,0.648523221119782,0.750906846009479
"1239",66219731,0.548140113396425,0.583620792054007
"1240",66239536,0.644239237876865,0.648093176948937
"1241",66239864,0.551962997601898,0.690919144213446
"1242",66319699,0.594617413579969,0.427434046249275
"1243",66379971,0.624809705182813,0.696845927102851
"1244",66439704,0.52279901964126,0.373547876802949
"1245",66459985,0.65269538716444,0.504698953613173
"1246",66549851,0.526919666090996,0.452439610616496
"1247",66569958,0.624596490150199,0.692730709779002
"1248",66579988,0.613050068125735,0.61660376966096
"1249",66689534,0.710596160374243,0.293937101186316
"1250",66699998,0.655780390402246,0.483410067202755
"1251",66749695,0.675674208861303,0.357931622887262
"1252",66779592,0.627151075169624,0.724746886804572
"1253",66789769,0.638061276832778,0.572299924032183
"1254",66869557,0.653318347638805,0.387911035542606
"1255",66939745,0.731868552724649,0.316620736210448
"1256",66959544,0.590460508772865,0.463722869924702
"1257",66959841,0.582920000005453,0.596424451305843
"1258",66979624,0.637116980410137,0.309974930749614
"1259",67009556,0.617540091461021,0.629240239957034
"1260",67039605,0.677088786924379,0.429508299652723
"1261",67049638,0.59193219686404,0.61376225439858
"1262",67089873,0.514033760161174,0.497864180235454
"1263",67089984,0.599141593953285,0.675278068589638
"1264",67109912,0.50754866091524,0.613071921367252
"1265",67119753,0.662288008120852,0.391653080496946
"1266",67129945,0.698546810932069,0.542330665872573
"1267",67139912,0.59910111277516,0.471440293446064
"1268",67229965,0.582858162836061,0.587551381452742
"1269",67249587,0.587522759517447,0.527627392002495
"1270",67309958,0.672991133066635,0.653505769922666
"1271",67319647,0.601494151568033,0.56351292126457
"1272",67369569,0.677644856565248,0.323419947080664
"1273",67379981,0.622115800135219,0.69121161189355
"1274",67459546,0.641932914548422,0.715298846162277
"1275",67499957,0.655788326884864,0.571247790249647
"1276",67509816,0.619154549580522,0.367270950982097
"1277",67559548,0.515522937914501,0.563602135964967
"1278",67569923,0.645593018506223,0.465156775302557
"1279",67609874,0.557327418658295,0.545056407722168
"1280",67659643,0.641542309870959,0.513918435599178
"1281",67709946,0.66224440327819,0.235949002794518
"1282",67779997,0.596858461553504,0.532943638201976
"1283",67799575,0.624216686787074,0.372424409969235
"1284",67809958,0.683410178552928,0.795504282526253
"1285",67829997,0.518545719754765,0.682002044713715
"1286",68009981,0.539107934641213,0.61097893765969
"1287",68069545,0.60258718643666,0.350951831193835
"1288",68149871,0.585912355871989,0.744819144728694
"1289",68169950,0.609221740190358,0.640373554582368
"1290",68209534,0.688588042580455,0.247261161991042
"1291",68239997,0.680046070647756,0.750136966426061
"1292",68289745,0.570167003586919,0.51145706865019
"1293",68299523,0.698015282854474,0.408356226149489
"1294",68299561,0.595722861759279,0.548377743467224
"1295",68479723,0.63566117527441,0.649197723203141
"1296",68489597,0.687467332889408,0.303034722067974
"1297",68509954,0.574879920667763,0.609619695232061
"1298",68599655,0.668364222852618,0.552239533425598
"1299",68749573,0.57142557108366,0.531956823841364
"1300",68839813,0.660353015572717,0.65619646325103
"1301",68859924,0.4919156383792,0.642166499543765
"1302",68909835,0.498893486494689,0.610792845891456
"1303",69009686,0.629773476097509,0.478447395401872
"1304",69179948,0.568312971447758,0.461440396967648
"1305",69389918,0.661154799540851,0.649524876685186
"1306",69489826,0.580379735392137,0.566394501054844
"1307",69679884,0.683948016427282,0.539179694688798
"1308",69909540,0.641261246619292,0.48038877061035
"1309",69909898,0.568481905492976,0.449814638373944
"1310",69919596,0.58833720167448,0.759482998287911
"1311",69919605,0.598665199051802,0.662366175737297
"1312",70019570,0.511625509708785,0.633754348335703
"1313",70059863,0.683965636671552,0.476383957006156
"1314",70089938,0.798162269767592,0.59823226829687
"1315",70309838,0.653390769233173,0.601273939613585
"1316",70319955,0.635625214046686,0.58621583322903
"1317",70329992,0.615449465025233,0.453708616339284
"1318",70339834,0.567325944563322,0.484451284512824
"1319",70459591,0.607315570344576,0.743941811414248
"1320",70589922,0.634286597718624,0.657687153741665
"1321",70599860,0.585138006695237,0.534629787612459
"1322",70599976,0.651946011847498,0.596782889537336
"1323",70679598,0.627555738274739,0.597802379338677
"1324",70759790,0.706853339708564,0.511560078216479
"1325",70869780,0.551537241953475,0.567440559609297
"1326",70949630,0.579609298932817,0.560162489553311
"1327",71149834,0.56044742239378,0.294273822598461
"1328",71149962,0.559749648584921,0.623418964325847
"1329",71179542,0.670887975189818,0.550694586062095
"1330",71179887,0.65924780611386,0.50718137559001
"1331",71269983,0.543665210657727,0.607401254847291
"1332",71329542,0.74558003843017,0.349174021256341
"1333",71399729,0.527321312553231,0.489630869730773
"1334",71399913,0.649100341119204,0.646396974881168
"1335",71449796,0.626385924713098,0.49343810812321
"1336",71509893,0.658902226090019,0.52749255975115
"1337",71669903,0.657968145810952,0.605870602628885
"1338",71679855,0.595790571587013,0.496408417764761
"1339",71809833,0.658592239476468,0.620136457217325
"1340",71819885,0.594579727520514,0.594589307374761
"1341",71819962,0.587039556970033,0.615643578528269
"1342",71829928,0.602191971045539,0.565559979504296
"1343",71869923,0.613342409343206,0.379944071687487
"1344",71889894,0.591398504281933,0.492464478272759
"1345",71909986,0.588099155063527,0.531226789668716
"1346",72029993,0.62520176609117,0.602869935123189
"1347",72129899,0.585152050417456,0.70444460609651
"1348",72279819,0.662376493358387,0.555526305374843
"1349",72349555,0.528502863055026,0.506597386044893
"1350",72369948,0.660151318110706,0.620300105765322
"1351",72379577,0.608331213076111,0.509603670702384
"1352",72399600,0.644340925852742,0.529165315913183
"1353",72419745,0.664428506994588,0.531206496663321
"1354",72509958,0.634000365565905,0.518068843296409
"1355",72549599,0.60222217291942,0.535300760925887
"1356",72549944,0.642746217482758,0.483476008750311
"1357",72579576,0.666396413819335,0.574468078652623
"1358",72609891,0.679735960967615,0.709209316030807
"1359",72629858,0.620237697796184,0.673488375889932
"1360",72659597,0.67493247996216,0.686198979351685
"1361",72679677,0.615562407338654,0.639652563136943
"1362",72709931,0.563415736024351,0.628355120207425
"1363",72729561,0.635944087225343,0.534002824983454
"1364",72759832,0.634371418298342,0.59745186904617
"1365",72799724,0.560580980464069,0.65642655878462
"1366",72849610,0.602418237987128,0.416632724792005
"1367",72919811,0.629516214940352,0.382558812452455
"1368",72999968,0.658313343658468,0.648737115546527
"1369",73049516,0.565387271136541,0.562043164076146
"1370",73069709,0.61488228272835,0.542835287799033
"1371",73119924,0.629554840231665,0.660808328074729
"1372",73129561,0.609378805538291,0.739297212941066
"1373",73139771,0.562836225120963,0.722375990429357
"1374",73139910,0.623452845139944,0.546429306659545
"1375",73159551,0.693952861440822,0.348341585421214
"1376",73159973,0.572007904958577,0.689342089265193
"1377",73189683,0.678318702661174,0.566784682906425
"1378",73189903,0.667568853233566,0.635647129087552
"1379",73249656,0.61621508679891,0.679903166814623
"1380",73259941,0.620713708514242,0.663752567471996
"1381",73299981,0.680213421944071,0.391464521433631
"1382",73319677,0.553546110905506,0.459723812139365
"1383",73369631,0.613971904982615,0.401276607287409
"1384",73449706,0.560682517721496,0.490816992906831
"1385",73509796,0.684914216628767,0.729489928517075
"1386",73559939,0.540644077950664,0.671537405325798
"1387",73569895,0.602949995247927,0.738728568293535
"1388",73649581,0.634702697863739,0.56513266765757
"1389",73669554,0.578850578643655,0.627685454810758
"1390",73819979,0.590912871520747,0.582124723168911
"1391",73859552,0.634785710137458,0.551442099109315
"1392",73859929,0.573559914381193,0.455367438382649
"1393",73929558,0.664920268060596,0.259197653931349
"1394",73939814,0.66637526502951,0.571397440759764
"1395",73979986,0.508354679499949,0.610684350740949
"1396",74049890,0.611688136024683,0.606165600972205
"1397",74089696,0.667848893777227,0.430958149678127
"1398",74179524,0.589514906816907,0.215782814095281
"1399",74209587,0.722127427750276,0.669501994312271
"1400",74249611,0.579538063493815,0.695544187662961
"1401",74429670,0.601697954156942,0.627954317466327
"1402",74469991,0.626356285496756,0.755398529275259
"1403",74489998,0.573399759745415,0.448492877912347
"1404",74559817,0.736268926381275,0.526967053922281
"1405",74569670,0.709973051457703,0.132271648919639
"1406",74569796,0.608672704230072,0.594616746976161
"1407",74629735,0.562384688619178,0.46879982551938
"1408",74699977,0.65838524394528,0.600826954239974
"1409",74789979,0.567922866195356,0.59531678837609
"1410",74909637,0.63987001789224,0.633826822176192
"1411",74959935,0.677470263066782,0.413275948213866
"1412",75069811,0.780818551367681,0.258018690839173
"1413",75129816,0.620526552827418,0.704932051430981
"1414",75239975,0.544346413587688,0.553030045394399
"1415",75269948,0.678426918111753,0.606185993764654
"1416",75319661,0.656770162139996,0.564845553348992
"1417",75339977,0.707289647550184,0.530724556327519
"1418",75459553,0.663421832097393,0.338150925661023
"1419",75469954,0.536307238391887,0.627359178073837
"1420",75669812,0.69160884020421,0.675383535941246
"1421",75689897,0.57068170050973,0.672430205824062
"1422",75709600,0.646022524142756,0.452059488004961
"1423",75719956,0.630745891365024,0.664510705125413
"1424",75809949,0.564849501197775,0.570818182144775
"1425",75859738,0.724107498194191,0.271387377134174
"1426",75929995,0.545276352476157,0.444459601723614
"1427",75939806,0.663182704427488,0.61601490127507
"1428",75979514,0.529168685087283,0.427780316333573
"1429",75979969,0.599132102798894,0.637739034218339
"1430",76079817,0.578593319701824,0.665591510353838
"1431",76079978,0.642227664155249,0.563949049696379
"1432",76099948,0.672641637169128,0.718298950045604
"1433",76279966,0.554880511732049,0.757252854672066
"1434",76369975,0.640920784838006,0.648885618656125
"1435",76429997,0.648884205021973,0.674058041359265
"1436",76539937,0.673285310961896,0.615851655713096
"1437",76579556,0.565153575765732,0.61593772899971
"1438",76579825,0.630196087479424,0.683435445500533
"1439",76579907,0.624127545190165,0.716881462583805
"1440",76619544,0.775667556351112,0.353192121458969
"1441",76959946,0.611038750577653,0.543467287926943
"1442",77089808,0.652577874117932,0.662783183122589
"1443",77089884,0.68542871955101,0.40472728219985
"1444",77259975,0.599638167040019,0.541793245863711
"1445",77289542,0.707141855032792,0.410806684789823
"1446",77329638,0.590803548896214,0.818222780103194
"1447",77349561,0.731616041033805,0.287824497292429
"1448",77429921,0.610136637896634,0.502549088785592
"1449",77539710,0.538166097653367,0.581480308022423
"1450",77569887,0.631323756491027,0.317051368615422
"1451",77609665,0.599705435043868,0.50897718946932
"1452",77629838,0.641599754506824,0.718816838230658
"1453",77649985,0.561061523578996,0.490658720968572
"1454",77759601,0.538423353653489,0.498359001370706
"1455",77839901,0.630523235700179,0.692781853501274
"1456",77879866,0.648732314792778,0.569392607006707
"1457",77889863,0.664287856861927,0.422202274706161
"1458",77919579,0.600943744152787,0.25462974473095
"1459",77939826,0.648142747831786,0.539286728398365
"1460",77959895,0.647712159518828,0.471719300276765
"1461",78039536,0.628483529191706,0.632287426702126
"1462",78099516,0.693904610217038,0.337608435488444
"1463",78119662,0.723295087409469,0.432935359250143
"1464",78139938,0.635449053665464,0.221346103256668
"1465",78279826,0.712358410032513,0.583212251683929
"1466",78339527,0.722606834636005,0.161177500607886
"1467",78339923,0.625967985595097,0.485356200452497
"1468",78359952,0.691778319210162,0.46824300317624
"1469",78619916,0.690522783203808,0.532898840661688
"1470",78669628,0.671725032995979,0.532304957674956
"1471",78669634,0.636991253421667,0.623262841654352
"1472",78669648,0.671387060663374,0.522224404829638
"1473",78789986,0.557072288410332,0.637626627567197
"1474",78819563,0.624253600888456,0.559645560537496
"1475",78839724,0.529328844882974,0.642273134574605
"1476",78919580,0.593720577603293,0.673427209137494
"1477",78919950,0.56283132573119,0.501220885314239
"1478",78979573,0.609388114776348,-0.031224807371741
"1479",78989819,0.605799653716522,0.575250981258708
"1480",79069979,0.639316813901952,0.648631444096947
"1481",79089986,0.612936058324732,0.375257741117165
"1482",79139509,0.636647275781104,0.364145164699148
"1483",79139995,0.614300273457311,0.63380474353856
"1484",79259680,0.635342142373592,0.563550844023879
"1485",79289768,0.607484754981558,0.61574375264801
"1486",79309672,0.596743294791418,0.586320076734265
"1487",79409981,0.611510667613172,0.46853937863028
"1488",79439981,0.713730148336503,0.383869843310674
"1489",79479948,0.628858315132397,0.642334878644695
"1490",79519516,0.600741760721374,0.415738177112662
"1491",79609857,0.598108044432681,0.584536452688085
"1492",79779652,0.625286597074244,0.427910873337668
"1493",79799813,0.56294042555634,0.63561588297916
"1494",79809829,0.623164495340342,0.713977279825587
"1495",79819893,0.611797784360791,0.607992027278143
"1496",79829813,0.6225058881905,0.628200670504406
"1497",79869779,0.556897017904343,0.475343550659558
"1498",79869845,0.629617063819924,0.678209963122838
"1499",79889606,0.54366834664717,0.387224155966172
"1500",79899777,0.572547674410989,0.444232978493604
"1501",79899874,0.621012083658656,0.437798742573265
"1502",79919866,0.574539075844208,0.475454521043649
"1503",79999567,0.62186382862743,0.580614432706513
"1504",79999656,0.564386398786522,0.559167621304069
"1505",80039814,0.64135826474363,0.694289455931988
"1506",80069965,0.651465013481854,0.623012951660427
"1507",80089813,0.648982023032984,0.60087738821464
"1508",80089936,0.551675228005855,0.576461265371839
"1509",80089949,0.588112195066824,0.662582678330519
"1510",80099819,0.647713628136637,0.53186055476343
"1511",80159622,0.553572795436076,0.521406381988692
"1512",80169689,0.60588166236752,0.543514058164633
"1513",80179655,0.60700786967219,0.598466444436352
"1514",80209969,0.657436589255076,0.518471790255212
"1515",80269990,0.586977712051183,0.482000823316267
"1516",80369908,0.594954240672393,0.669555084318396
"1517",80389854,0.640441794924737,0.440011816228545
"1518",80439521,0.664944237658656,0.644825801176492
"1519",80479816,0.5967263819591,0.536117207488325
"1520",80499576,0.58797407125114,0.251217672496397
"1521",80509648,0.647554403312939,0.616121182559907
"1522",80519632,0.641096348242679,0.574599606810398
"1523",80539808,0.565510694504129,0.650506235073546
"1524",80539880,0.64555503929891,0.638405694814249
"1525",80569915,0.663946762605605,0.682719706082866
"1526",80769887,0.678220706341998,0.544958718521063
"1527",80899687,0.642126656594861,0.608388757493436
"1528",80919996,0.629617942207531,0.667323458100303
"1529",80969585,0.591339918923971,0.502240721281891
"1530",81149779,0.61972340107161,0.602828117614605
"1531",81149908,0.544459942875438,0.713865880269286
"1532",81159947,0.612253415541514,0.701906607110216
"1533",81219581,0.616046272976582,0.484307370953496
"1534",81239800,0.633523761035476,0.572321915570616
"1535",81269578,0.638282652053868,0.627906762404896
"1536",81279937,0.657693253362071,0.530356051492681
"1537",81309650,0.617305982346796,0.700186872991845
"1538",81429816,0.604492284478148,0.622638808142071
"1539",81439559,0.666836299801906,0.382091459433634
"1540",81519841,0.616174678385585,0.562140839658199
"1541",81529778,0.646750120836787,0.556507582055788
"1542",81679574,0.676669258596366,0.68622550790774
"1543",81689633,0.562233907899325,0.486047204820255
"1544",81699634,0.463500457075336,0.663211987657132
"1545",81719591,0.64504335807005,0.502081764678603
"1546",81749948,0.684541105018098,0.589128422835641
"1547",81769683,0.606687213627684,0.366883065124283
"1548",81879929,0.634280653507696,0.709577072800524
"1549",82049535,0.595518680240822,0.486331408598782
"1550",82309911,0.697751794212409,0.572781665705154
"1551",82309982,0.673826911923063,0.615571178709779
"1552",82349795,0.688723389641471,0.343869497430476
"1553",82399950,0.520206373914006,0.512968665950986
"1554",82459905,0.584202771756035,0.514336725844505
"1555",82499585,0.681377695197468,0.632611514609803
"1556",82569822,0.657235254070937,0.65282835332078
"1557",82599846,0.599700802281255,0.462324830075846
"1558",82639687,0.602119919937641,0.611716369541139
"1559",82639994,0.590448495278925,0.610582760965285
"1560",82669531,0.631423871526452,0.639964845940584
"1561",82669849,0.628339427583265,0.716213250689117
"1562",82719851,0.648903833475627,0.522572002452883
"1563",82799808,0.622760185486311,0.695521747326813
"1564",82799990,0.652305262633602,0.429777083339229
"1565",82849654,0.589728209191601,0.618157803324751
"1566",82919813,0.675029254660591,0.739857475741127
"1567",83019932,0.657339538103244,0.275727855475145
"1568",83089666,0.618712090462924,0.781684059603205
"1569",83109639,0.671275149885558,0.481712025202159
"1570",83149812,0.672075032192367,0.652678842728835
"1571",83159986,0.518278401199816,0.539432439720355
"1572",83239808,0.613768750768339,0.671174516477277
"1573",83279866,0.631662533215396,0.460335329285388
"1574",83299721,0.656930049233806,0.511882883200654
"1575",83359599,0.632784595908473,0.653917025776568
"1576",83379817,0.594836140108669,0.573415172682626
"1577",83519590,0.586729133986041,0.68263019293397
"1578",83549543,0.779878839562734,0.320288558381802
"1579",83549946,0.573799066567916,0.621800078632572
"1580",83569974,0.621203999885294,0.461219072087391
"1581",83579610,0.632399226491487,0.682237169466952
"1582",83589994,0.609314141223814,0.693917007473096
"1583",83619996,0.651375558418874,0.549364549353025
"1584",83659994,0.6922132444232,0.566799083490926
"1585",83779599,0.643397646828588,0.513414555091501
"1586",83779678,0.766890899233466,0.136530020448868
"1587",83869839,0.700976299400677,0.613580448597909
"1588",83889926,0.535547355973041,0.637413153962402
"1589",83919699,0.624060307805029,0.541456572454647
"1590",83999556,0.73961880713454,0.481343873073961
"1591",84059998,0.623958334090936,0.577889605208573
"1592",84079807,0.623233953920924,0.513808940984588
"1593",84089627,0.657995385981555,0.618047606364461
"1594",84149561,0.654321025809687,0.486610916708479
"1595",84289802,0.547004609947672,0.585693181307052
"1596",84299911,0.624044749841579,0.647601924054995
"1597",84299926,0.354083138057856,-0.074309288034557
"1598",84379915,0.585086324291717,0.610106124000446
"1599",84439900,0.610714658042885,0.595236590305568
"1600",84449516,0.716031379878901,0.28262023903961
"1601",84509815,0.562555943560982,0.794476057399907
"1602",84519978,0.757858114290037,0.274169728770116
"1603",84659856,0.64085048713083,0.697330698713276
"1604",84789919,0.64341937023952,0.289512808540997
"1605",84829936,0.606207482827423,0.54642932276244
"1606",84859558,0.701737831222554,0.502703438185931
"1607",84909677,0.603486325482885,0.466120867477123
"1608",84929943,0.540129102457709,0.618361725858773
"1609",84969976,0.610828726835113,0.30550536279929
"1610",85019945,0.666788636773169,0.590389574667047
"1611",85079513,0.68687708290451,0.295282013258423
"1612",85099835,0.498376495626943,0.390875414698412
"1613",85149539,0.609190284935495,0.608857918649341
"1614",85259620,0.55012102919491,0.703394563617019
"1615",85259753,0.596431506560671,0.559339202056572
"1616",85399668,0.531641345216988,0.576664469445127
"1617",85399739,0.630837148299785,0.635626111748286
"1618",85419731,0.603176012257286,0.648424978629618
"1619",85489814,0.623878731846739,0.659210526754024
"1620",85619808,0.620904548686342,0.362873405791108
"1621",85639865,0.630673424835267,0.450360099790395
"1622",85739554,0.5935142339618,0.600776245101507
"1623",85739994,0.609090505667499,0.772916030812329
"1624",85769568,0.632427138294302,0.582074207000878
"1625",85799976,0.664535565654606,0.532348281217628
"1626",85859943,0.722779384233796,0.338406020980124
"1627",85879755,0.56280047179601,0.506913809160982
"1628",85909521,0.600310579302918,0.703255915145945
"1629",85909956,0.667689091603795,0.66736111193454
"1630",85949697,0.619510801701446,0.569413989176101
"1631",86099615,0.62183057591868,0.482574030225726
"1632",86189590,0.653151942943392,0.705855041835467
"1633",86199730,0.603712821596067,0.683130504035183
"1634",86219926,0.574491731927228,0.603751614212123
"1635",86239819,0.586748944400234,0.450264711390976
"1636",86339952,0.703283094969806,0.149257973157568
"1637",86349736,0.583423487351926,0.416304557562074
"1638",86509985,0.592201851515834,0.462265470343509
"1639",86539546,0.648456366470203,0.712648672254887
"1640",86559607,0.632981103282695,0.414858449920214
"1641",86569519,0.6441841792617,0.56077837312667
"1642",86629822,0.598446697057991,0.677623043051887
"1643",86709958,0.576851115105298,0.61122671395987
"1644",86799985,0.619736464357568,0.64903014990632
"1645",86869834,0.503520148691708,0.406037912871665
"1646",86899624,0.652505542959224,0.358862409289731
"1647",86909534,0.678479700086914,0.315777986011998
"1648",86979906,0.627321513673835,0.760700696574636
"1649",87119995,0.527559445686649,0.553761455313117
"1650",87219981,0.547978489663366,0.577475317602849
"1651",87279899,0.689182001980089,0.650410634526615
"1652",87279960,0.674332461974341,0.51053386271863
"1653",87299835,0.507192308428602,0.294478384103774
"1654",87319727,0.605745871728273,0.643110111094073
"1655",87379789,0.595773874579817,0.395421479198396
"1656",87429821,0.722192631861969,0.208757088575292
"1657",87459819,0.557465206161922,0.696660242762652
"1658",87479548,0.626646421114015,0.646601054346908
"1659",87489993,0.654050566395827,0.717828866146367
"1660",87589819,0.587757061566038,0.451708622762053
"1661",87609904,0.670287810727099,0.52302951312631
"1662",87629985,0.66839804117274,0.744600226052013
"1663",87729628,0.62344642875191,0.444904929049569
"1664",87739997,0.606773008715855,0.603164952083994
"1665",87839536,0.595189861259336,0.528582176793906
"1666",87919977,0.606388294615139,0.535225072965293
"1667",87959993,0.672946247211976,0.715477474929216
"1668",87969985,0.673436607427002,0.606699974665957
"1669",88019604,0.624052356140604,0.570562581224992
"1670",88019840,0.701470948640288,0.310357497528327
"1671",88149930,0.71128254165553,0.725888410715291
"1672",88279616,0.606040850747681,0.706786884521005
"1673",88439730,0.587654959850319,0.730784929243844
"1674",88539812,0.608012145505919,0.474250098571372
"1675",88559800,0.639187774451765,0.425135589030626
"1676",88589894,0.653582148606821,0.577870855105302
"1677",88639546,0.529586038836377,0.462994417068161
"1678",88659885,0.681924528187424,0.563376122314805
"1679",88689910,0.530627900847908,0.535024250958334
"1680",88819634,0.529265494518778,0.672192108664961
"1681",88899548,0.653288714011629,0.653617745808588
"1682",88939693,0.52586677047604,0.641390048576091
"1683",88959959,0.657368057215163,0.691860133017894
"1684",89029528,0.736853468950608,0.615708358797183
"1685",89089557,0.631970525079152,0.290815583659351
"1686",89129663,0.608675685065976,0.62449309953377
"1687",89179574,0.648807486683875,0.452806472808506
"1688",89199579,0.672233313886384,0.52739293586543
"1689",89209703,0.6402195255067,0.344049185085165
"1690",89229558,0.636541448813035,0.663552701166826
"1691",89249865,0.554582736921886,0.656310829684408
"1692",89289948,0.616138150901806,0.38726454313137
"1693",89299629,0.592727951467245,0.607665944031644
"1694",89299811,0.555692676974793,0.535811553649286
"1695",89339811,0.608940658924751,0.681300659993743
"1696",89359731,0.651955761527257,0.617783302938186
"1697",89399823,0.553578365360059,0.580429742408024
"1698",89439828,0.623664944527097,0.608128201671576
"1699",89509969,0.614967199339434,0.603512027745422
"1700",89529591,0.632676237384673,0.788494189444858
"1701",89529739,0.679072790599245,0.481080357371911
"1702",89699524,0.543125494339762,0.494592722258224
"1703",89729948,0.585780655104453,0.698916517552847
"1704",89739990,0.665433384469621,0.433845669219363
"1705",89849952,0.606035637747232,0.510700736476488
"1706",89869626,0.57631926281029,0.673919745735285
"1707",89869811,0.490292532602625,0.469353905587035
"1708",89929931,0.5985135791736,0.605713989358751
"1709",89959808,0.636840360041251,0.575782484294084
"1710",89989551,0.644498611185481,0.61631477754099
"1711",89989770,0.641550590986646,0.57136795988784
"1712",89999796,0.661720150704688,0.651703566469384
"1713",90029545,0.671020656879332,0.482958065793145
"1714",90049797,0.585300238875997,0.700250877566754
"1715",90189703,0.508647612020223,0.519186666850719
"1716",90219881,0.582164160652929,0.515722178941348
"1717",90229683,0.56408253047601,0.648311791753553
"1718",90299538,0.631043784461202,0.317989402955051
"1719",90419902,0.614254608759532,0.657413303410053
"1720",90599963,0.636260318148598,0.602966486332987
"1721",90619678,0.616919042156716,0.559653696655916
"1722",90709724,0.664277242262605,0.747748951338506
"1723",90779667,0.642985951238192,0.638332978094233
"1724",90829769,0.617874665888949,0.461590998874194
"1725",90829886,0.652070619856726,0.24134343362648
"1726",90889526,0.641720695840783,0.439677087904987
"1727",90909890,0.587067678541622,0.595726226222167
"1728",90959548,0.619444442491819,0.519167498220416
"1729",90999657,0.654382151651806,0.625987280170499
"1730",91019566,0.662727129354795,0.641786138445992
"1731",91059640,0.639440206926386,0.591893745617518
"1732",91079833,0.532386470010213,0.40317937210951
"1733",91119824,0.607278186423668,0.663525988683675
"1734",91139797,0.639884869815641,0.647653952335586
"1735",91169716,0.566446710705802,0.599889016130354
"1736",91219819,0.563588323628925,0.631999895641577
"1737",91219895,0.670201243469508,0.452890378548131
"1738",91219977,0.575885234428799,0.624544560139261
"1739",91379569,0.57935386300057,0.394759491294926
"1740",91399816,0.523025964527107,0.611710567107251
"1741",91499539,0.699993041371352,0.448074684754393
"1742",91509855,0.588022762748566,0.672278525122773
"1743",91579746,0.658494762366049,0.294463890868098
"1744",91649925,0.668268111929053,0.503779264184506
"1745",91669577,0.653187622190568,0.533534879134295
"1746",91709522,0.721669270627358,0.563877433489326
"1747",91719646,0.629666805942476,0.658729104830052
"1748",91769669,0.614975914740632,0.521351888700856
"1749",91789971,0.667014029142861,0.289487997800041
"1750",91809811,0.632711664280528,0.373435628080985
"1751",91859522,0.671867570473418,0.470246008569043
"1752",91859585,0.692057709047551,0.299830586148955
"1753",91929619,0.625130057216906,0.389951169986786
"1754",91939904,0.576279798653531,0.555753593085829
"1755",91979512,0.619245910517498,0.336549683981049
"1756",92039545,0.592940418854581,0.692671206014266
"1757",92039648,0.659599183597646,0.554646159910866
"1758",92069832,0.66841737618391,0.552510076225163
"1759",92129893,0.605683999414439,0.614964818073844
"1760",92139922,0.696880937411425,0.431121305185782
"1761",92159812,0.701367276566353,0.571794756676038
"1762",92299950,0.604494241638087,0.451310642606397
"1763",92359694,0.585674244085896,0.668901027924993
"1764",92359906,0.679262768804814,0.475598155195774
"1765",92609580,0.687068983931722,0.702677622144002
"1766",92609582,0.580459422776669,0.500151131112136
"1767",92629572,0.63035969202771,0.499037142661039
"1768",92809817,0.527005183861316,0.545446728915474
"1769",92869591,0.565443149603794,0.575263550066203
"1770",92889644,0.658038693966589,0.524822324019629
"1771",92949974,0.635486883424599,0.547463751432815
"1772",92969652,0.622014343456174,0.553207186309879
"1773",93009725,0.686925984985533,0.680782588550212
"1774",93059555,0.57386384017145,0.638390202823235
"1775",93059807,0.572922317059839,0.462402163082956
"1776",93069776,0.600996788512308,0.629495549630861
"1777",93199828,0.639847118262861,0.53279873923778
"1778",93209985,0.697700653824273,0.425543529594476
"1779",93289858,0.687720790386769,0.257816476819429
"1780",93349625,0.624289595234942,0.681560673723319
"1781",93379871,0.59487097081052,0.568095926459849
"1782",93409897,0.567167759632278,0.633593501904433
"1783",93439979,0.663400097407525,0.679124403148434
"1784",93489800,0.573782608647789,0.421831070595707
"1785",93529776,0.678652192100606,0.578703526102548
"1786",93589979,0.644413986360174,0.851282781626058
"1787",93589983,0.585009477142096,0.322334842784184
"1788",93789936,0.630413933417818,0.853351528735217
"1789",93819972,0.669204386536613,0.518162314113435
"1790",93869930,0.599904632170919,0.523999370950274
"1791",93899938,0.566634965728497,0.549323643766763
"1792",93909955,0.758701935896538,0.369562767347955
"1793",93919987,0.638301545220887,0.308947584023676
"1794",93929673,0.614528151013182,0.509581546175892
"1795",93979814,0.657233170435306,0.5369206678909
"1796",94019927,0.494832493502641,0.549634299533582
"1797",94049559,0.672993839834168,0.647948563284886
"1798",94079555,0.598827882818928,0.596122686327352
"1799",94079957,0.687114185944665,0.423568502573443
"1800",94159608,0.622914935371405,0.594322342305972
"1801",94229986,0.652908633804105,0.442671648656756
"1802",94309610,0.522729900264378,0.743877354106527
"1803",94339923,0.628844533383042,0.675353648625886
"1804",94389911,0.572782244869492,0.651346326316911
"1805",94479963,0.657572247315581,0.16544674757224
"1806",94499650,0.603873108419891,0.565730750036008
"1807",94569799,0.725287601864867,0.524316977943578
"1808",94639997,0.609801180853468,0.694463964063396
"1809",94789789,0.623631710886395,0.440955821967432
"1810",94859825,0.559489845794501,0.681071647307568
"1811",94859847,0.66673849898528,0.513581962245824
"1812",94869963,0.562780609272991,0.645072262329649
"1813",94909934,0.525913148388246,0.452597699759202
"1814",94999586,0.611492511664135,0.506071807507845
"1815",95059556,0.639765580739756,0.39814637842597
"1816",95079770,0.592388231482102,0.804934101047266
"1817",95179832,0.628800375391391,0.674678338278549
"1818",95239946,0.646914044059788,0.653563984958006
"1819",95309674,0.722693229580943,0.700747009625304
"1820",95309925,0.713013132418332,0.559297473364489
"1821",95389989,0.654577787995141,0.51453626465824
"1822",95409578,0.634474233710871,0.429820674759573
"1823",95489949,0.590978153196479,0.525313443647477
"1824",95499970,0.689174440098397,0.781149575910945
"1825",95799566,0.663206194532281,0.604749530184957
"1826",95859578,0.58206203150361,0.489350174210065
"1827",95959691,0.679449206044376,0.603457490102742
"1828",95999982,0.682123297074382,0.370454638747173
"1829",96049681,0.600266312893931,0.587929168465888
"1830",96059734,0.630034882551203,0.633946430366416
"1831",96189548,0.642451359958861,0.485638039718878
"1832",96229536,0.601481513949124,0.586864678335901
"1833",96279994,0.635098105619515,0.655290243639589
"1834",96319541,0.620043194345065,0.419304581775286
"1835",96339836,0.558884651496013,0.442486783236925
"1836",96349924,0.561833492681752,0.656054385953793
"1837",96479520,0.669666103952647,0.614292110291125
"1838",96499842,0.537208906902611,0.416426633482669
"1839",96509803,0.659193482887631,0.773781722967076
"1840",96529749,0.628913995731456,0.534413872432765
"1841",96559580,0.596696864821163,0.690214327814483
"1842",96579842,0.560023004820765,0.646921208643157
"1843",96659926,0.561148920965492,0.424908166396438
"1844",96679586,0.600496666682549,0.57751687536653
"1845",96749681,0.612363085555719,0.641910339531852
"1846",96769555,0.649891511053423,0.57443153067789
"1847",96769578,0.620109606168582,0.481332274521623
"1848",96779824,0.608861127011619,0.567196856504452
"1849",96779944,0.587160608708297,0.564174242008547
"1850",96829565,0.59655623309049,0.677526908588622
"1851",96829926,0.566093422484463,0.641055149648243
"1852",96879682,0.494215434517007,0.983905051759695
"1853",96909541,0.580504182618589,0.527800206808309
"1854",97009573,0.62970891505593,0.579814326443028
"1855",97149803,0.594089592570629,0.590599365970093
"1856",97179990,0.658561313304917,0.647844928799229
"1857",97279893,0.632697078183049,0.477839915112979
"1858",97309834,0.54790544280803,0.430947874974912
"1859",97339814,0.681856655046558,0.26465023779554
"1860",97339976,0.555369207436066,0.629001721519937
"1861",97469953,0.577222793732965,0.512426402529109
"1862",97639569,0.578108430113768,0.517123657409593
"1863",97659571,0.601197267433802,0.647039008432569
"1864",97729819,0.530760674626026,0.54821608479119
"1865",97729823,0.618791594778715,0.44429335708935
"1866",97879953,0.505701390837523,0.536549470158005
"1867",97939915,0.633995070766689,0.438680542122344
"1868",98199541,0.555936417394918,0.574637671982669
"1869",98209999,0.634525554032759,0.398456769740654
"1870",98379608,0.828523903087886,0.437446334802454
"1871",98469905,0.620541215467642,0.55106388996165
"1872",98489918,0.613689780111511,0.650828260667238
"1873",98569581,0.634906579476477,0.39196090213293
"1874",98629946,0.552019046285505,0.571716434650177
"1875",98629985,0.60888818225017,0.628074678500248
"1876",98679988,0.586157656709804,0.690149562651077
"1877",98729746,0.678131761409548,0.608675103959257
"1878",98909970,0.642775933052518,0.648777461231703
"1879",98989959,0.550680528757303,0.621346255524203
"1880",99069531,0.657729671300712,0.31556176759401
"1881",99109783,0.653639842133353,0.293452862347569
"1882",99119952,0.623549280918475,0.592408536258437
"1883",99149833,0.495810470111846,0.388791006104289
"1884",99229897,0.546302132378805,0.730300850861547
"1885",99439924,0.73686585458175,0.773455181072995
"1886",99519944,0.649312363835946,0.686213051814775
"1887",99569587,0.615459326222457,0.660936162720676
"1888",99569634,0.656270638808028,0.653265369142704
"1889",99569937,0.633868001940449,0.595813193106271
"1890",99579555,0.726943323107816,0.290901782499242
"1891",99599996,0.677292774818722,0.68464650245424
"1892",99699822,0.592108213149269,0.676833292947368
"1893",99869771,0.712775354349086,0.564870678442472
"1894",99899717,0.628494714470628,0.554874823043117
"1895",99899820,0.561684499391321,0.599422528410287
"1896",99939955,0.635769680388628,0.619835137845779
"1897",99959807,0.666809390288987,0.566044531503247
