"","cust_id","cust_profit_percent"
"1",799924,0.601061659526281
"2",1889991,0.555646720669079
"3",2109544,0.653532687303215
"4",7629630,0.718447733064438
"5",7669833,0.645165623203663
"6",7739787,0.542864934141007
"7",8639635,0.590567451217762
"8",10329832,0.529129448942063
"9",11789884,0.614343041638551
"10",16739664,0.613607155944065
"11",16829885,0.571339838117886
"12",18409710,0.589883462257034
"13",18539540,0.564835746106561
"14",18909750,0.653475381882302
"15",21159716,0.618175124538922
"16",21579922,0.630305876288118
"17",24179544,0.600162892324316
"18",26499927,0.503999708392866
"19",26769899,0.672413592301265
"20",27999642,0.669195271093113
"21",28659946,0.608965999181828
"22",31879773,0.59362392730154
"23",37359574,0.629372704314805
"24",37449943,0.591427878384198
"25",37719816,0.66509465330918
"26",38479729,0.588192846245109
"27",38959697,0.631719947514659
"28",41459822,0.571502732670654
"29",41579936,0.649045421058387
"30",41709604,0.503041098218556
"31",41709665,0.562968382178661
"32",42469999,0.61376280455658
"33",43769997,0.585855890113808
"34",46619809,0.568165611082329
"35",47779590,0.618841917310584
"36",50759829,0.621504574262435
"37",51079908,0.64409920684687
"38",52039852,0.627965205406171
"39",53179975,0.61006119847699
"40",54069996,0.637673466074777
"41",55699764,0.627651147250927
"42",56659977,0.590396447496079
"43",56969964,0.63182648512428
"44",58159515,0.544514601901312
"45",59719949,0.588272046267206
"46",61279763,0.637377922425104
"47",62949989,0.590093917793659
"48",63039914,0.658257736268755
"49",64599801,0.615810083826364
"50",66789769,0.638061276832778
"51",68009981,0.539107934641213
"52",68299561,0.595722861759279
"53",72549599,0.60222217291942
"54",72729561,0.635944087225343
"55",74049890,0.611688136024683
"56",75339977,0.707289647550184
"57",78359952,0.691778319210162
"58",78669634,0.636991253421667
"59",79309672,0.596743294791418
"60",80159622,0.553572795436076
"61",81519841,0.616174678385585
"62",81879929,0.634280653507696
"63",82639994,0.590448495278925
"64",82799990,0.652305262633602
"65",84299911,0.624044749841579
"66",85149539,0.609190284935495
"67",87629985,0.66839804117274
"68",89729948,0.585780655104453
"69",89869811,0.490292532602625
"70",91139797,0.639884869815641
"71",93379871,0.59487097081052
"72",93789936,0.630413933417818
"73",97879953,0.505701390837523
"74",99439924,0.73686585458175
"75",2029760,0.67565922248722
"76",3549558,0.573497679373544
"77",4289603,0.607015888812623
"78",9089753,0.619081935557366
"79",10519992,0.672348840046018
"80",11879968,0.76814268212072
"81",13559676,0.65751261427438
"82",15310000,0.599619899636975
"83",15549888,0.701456414798104
"84",15819652,0.6191935731309
"85",15819895,0.587875320019577
"86",16329990,0.560473018600136
"87",20799654,0.569575355550797
"88",22179626,0.546439385918939
"89",23039531,0.616055352833796
"90",23259899,0.787711492168383
"91",24679862,0.606057619737362
"92",27929598,0.577080084472136
"93",30919926,0.566371424961217
"94",32289868,0.672864974129607
"95",34409978,0.578726586806913
"96",34549548,0.658078506310807
"97",35359972,0.645340229279782
"98",35699915,0.693740539128174
"99",36779796,0.626324333003417
"100",38889633,0.598483680089805
"101",39139826,0.622050843963156
"102",40029833,0.67796086545916
"103",41369994,0.597378948647942
"104",41979817,0.613623574900295
"105",44209904,0.580995489057841
"106",44419979,0.664492742305128
"107",45459951,0.583081304822074
"108",45849808,0.663881698713503
"109",46079888,0.66879889238766
"110",48819714,0.64128941217138
"111",49929918,0.65812686172547
"112",50639879,0.634112566384169
"113",50939655,0.619434784845052
"114",51169803,0.568091066698146
"115",51289528,0.616975832193169
"116",53229603,0.620454620810696
"117",54369934,0.663812235872295
"118",54729532,0.739439684485539
"119",55339615,0.633931126320036
"120",59869993,0.594464039268653
"121",60719983,0.619040447134872
"122",61209544,0.618095650570605
"123",70599860,0.585138006695237
"124",71179887,0.65924780611386
"125",72659597,0.67493247996216
"126",73159973,0.572007904958577
"127",73669554,0.578850578643655
"128",74429670,0.601697954156942
"129",76079817,0.578593319701824
"130",77329638,0.590803548896214
"131",80089813,0.648982023032984
"132",80369908,0.594954240672393
"133",80519632,0.641096348242679
"134",81679574,0.676669258596366
"135",81699634,0.463500457075336
"136",83109639,0.671275149885558
"137",86709958,0.576851115105298
"138",87729628,0.62344642875191
"139",89089557,0.631970525079152
"140",89229558,0.636541448813035
"141",90189703,0.508647612020223
"142",90619678,0.616919042156716
"143",91669577,0.653187622190568
"144",92069832,0.66841737618391
"145",93209985,0.697700653824273
"146",94389911,0.572782244869492
"147",94909934,0.525913148388246
"148",97339814,0.681856655046558
"149",99569634,0.656270638808028
"150",99899717,0.628494714470628
"151",329968,0.634156642184329
"152",1139738,0.651592440114952
"153",1279966,0.514057071203433
"154",15769920,0.640057553278138
"155",15979711,0.52237454708651
"156",21189832,0.560782605331387
"157",22119614,0.631473375098027
"158",22869555,0.519095177632939
"159",23669979,0.567357641109407
"160",29989718,0.64986766365466
"161",30699587,0.643191469961566
"162",31379599,0.53069557840244
"163",31419913,0.575607355967688
"164",34639975,0.554649644607515
"165",35489977,0.704437654947158
"166",37089659,0.567358193036903
"167",38559992,0.634515181718507
"168",38669905,0.62959367942476
"169",41539590,0.638828023361269
"170",42799553,0.667506042205785
"171",44599687,0.586381175706942
"172",50939995,0.571533368407755
"173",51939992,0.635874416401206
"174",52189993,0.669590066196053
"175",54929978,0.61659164258012
"176",54999909,0.662109510197927
"177",57399832,0.585584687451626
"178",58899766,0.59244943651922
"179",60619555,0.663191271078154
"180",65179986,0.594733712586674
"181",72759832,0.634371418298342
"182",75809949,0.564849501197775
"183",83589994,0.609314141223814
"184",85259753,0.596431506560671
"185",86509985,0.592201851515834
"186",96279994,0.635098105619515
"187",96749681,0.612363085555719
"188",96779944,0.587160608708297
"189",550000,0.555562284220973
"190",1999671,0.614079890977644
"191",6149849,0.655468511194355
"192",9489849,0.577812772727435
"193",10209992,0.583230129701707
"194",10669538,0.670849576443754
"195",10709961,0.68404650443016
"196",13969766,0.612909726406857
"197",15669814,0.633828271901086
"198",18869934,0.620045126954198
"199",19179512,0.581391099752197
"200",19909975,0.633845407861223
"201",21549599,0.674560245465479
"202",31079522,0.637209851885206
"203",31529975,0.636010921768081
"204",33169596,0.705999781581205
"205",37549523,0.564919822345327
"206",49359922,0.658637206444498
"207",59709872,0.621447882283198
"208",61389597,0.653622552364362
"209",64299942,0.643357604561286
"210",64859710,0.521225674169906
"211",65289989,0.614722968702602
"212",67089873,0.514033760161174
"213",70459591,0.607315570344576
"214",71329542,0.74558003843017
"215",71869923,0.613342409343206
"216",73129561,0.609378805538291
"217",73139771,0.562836225120963
"218",75269948,0.678426918111753
"219",77569887,0.631323756491027
"220",80969585,0.591339918923971
"221",82919813,0.675029254660591
"222",84909677,0.603486325482885
"223",85259620,0.55012102919491
"224",87479548,0.626646421114015
"225",88279616,0.606040850747681
"226",88439730,0.587654959850319
"227",89989551,0.644498611185481
"228",93919987,0.638301545220887
"229",94309610,0.522729900264378
"230",95799566,0.663206194532281
"231",96659926,0.561148920965492
"232",96829926,0.566093422484463
"233",98489918,0.613689780111511
"234",749556,0.525067860326839
"235",1459955,0.574117486260356
"236",2169803,0.582338797214986
"237",7569890,0.603228214217003
"238",11669833,0.539738867303463
"239",13129627,0.629471206572627
"240",13929992,0.649067585588591
"241",14509826,0.676426862938863
"242",18569576,0.709340202327372
"243",18900000,0.560185167151243
"244",21889600,0.686726913895461
"245",23479859,0.71046844635115
"246",23839751,0.570258107402326
"247",26589855,0.713615167978571
"248",26659928,0.605815289140876
"249",27809913,0.6400670335221
"250",28549996,0.571168961539896
"251",29989562,0.58253636939022
"252",32689582,0.598525581082554
"253",35119545,0.607164126549552
"254",36039996,0.61863512242315
"255",36829577,0.622992497041101
"256",37259652,0.630413725451459
"257",37989556,0.66941848583105
"258",39669546,0.5288178485666
"259",42119554,0.591421189352113
"260",43519730,0.577360463713688
"261",45609976,0.59740875423737
"262",45959960,0.71017864765748
"263",48419623,0.675904832235275
"264",48549830,0.576829918350422
"265",49719951,0.590731174145367
"266",51789516,0.646655424930175
"267",54939899,0.624493784541374
"268",56679912,0.59534454084494
"269",56889552,0.639359627855889
"270",57549928,0.587502954453364
"271",59739753,0.557301133889828
"272",60879854,0.567758838013337
"273",61609986,0.659275392457467
"274",65139945,0.60898720763201
"275",66019821,0.587951004224254
"276",67459546,0.641932914548422
"277",71669903,0.657968145810952
"278",71819885,0.594579727520514
"279",74559817,0.736268926381275
"280",78339923,0.625967985595097
"281",78669648,0.671387060663374
"282",78789986,0.557072288410332
"283",81149779,0.61972340107161
"284",81239800,0.633523761035476
"285",81719591,0.64504335807005
"286",81769683,0.606687213627684
"287",82639687,0.602119919937641
"288",83579610,0.632399226491487
"289",83889926,0.535547355973041
"290",85909521,0.600310579302918
"291",86099615,0.62183057591868
"292",87609904,0.670287810727099
"293",89699524,0.543125494339762
"294",91079833,0.532386470010213
"295",92969652,0.622014343456174
"296",93979814,0.657233170435306
"297",95999982,0.682123297074382
"298",97149803,0.594089592570629
"299",97729819,0.530760674626026
"300",1179795,0.644025300547875
"301",2269534,0.658397589779915
"302",5069807,0.636274519192955
"303",7529982,0.603088459286422
"304",10229526,0.588402454008755
"305",10399953,0.556935855892765
"306",10569925,0.573331494461351
"307",11119662,0.64862217189487
"308",11319562,0.63049344989065
"309",12949792,0.669877415470698
"310",13689850,0.62484595202417
"311",15399932,0.610878663921748
"312",15659552,0.587088518379284
"313",17329573,0.649305125626927
"314",18079897,0.573114848581463
"315",18609600,0.586921953186662
"316",20429899,0.586989434390354
"317",23319645,0.712885892948037
"318",23319833,0.62804830230805
"319",23339994,0.584753221753206
"320",23929953,0.604066327869596
"321",25129731,0.6865376960615
"322",25399559,0.663700945400042
"323",25509648,0.656335617258187
"324",27009537,0.579283794606752
"325",31139798,0.591166659607957
"326",31929809,0.530039350074307
"327",32779934,0.594218406992222
"328",33269822,0.555178711087594
"329",35019716,0.640123078402759
"330",39729982,0.604645847117291
"331",39769980,0.620359698859681
"332",41029517,0.620323935702704
"333",44629969,0.712048730892705
"334",45649777,0.540850983441368
"335",45729762,0.525083215500515
"336",46109997,0.62762099095269
"337",46539981,0.650840472301794
"338",48109806,0.562352034505238
"339",49929593,0.573572066860978
"340",50199580,0.599458224140488
"341",52309908,0.608696913225494
"342",52499843,0.555641585185951
"343",52909570,0.591639019981063
"344",53249609,0.573071041174713
"345",53529975,0.628215127571611
"346",58199923,0.661153184773602
"347",61869951,0.572323926590995
"348",63019938,0.587092547657887
"349",63049872,0.615518692406457
"350",66239536,0.644239237876865
"351",68169950,0.609221740190358
"352",71509893,0.658902226090019
"353",72399600,0.644340925852742
"354",72629858,0.620237697796184
"355",73159551,0.693952861440822
"356",79439981,0.713730148336503
"357",79819893,0.611797784360791
"358",80179655,0.60700786967219
"359",82459905,0.584202771756035
"360",83149812,0.672075032192367
"361",83919699,0.624060307805029
"362",84079807,0.623233953920924
"363",84659856,0.64085048713083
"364",84789919,0.64341937023952
"365",85019945,0.666788636773169
"366",85419731,0.603176012257286
"367",87489993,0.654050566395827
"368",88019604,0.624052356140604
"369",91169716,0.566446710705802
"370",92359906,0.679262768804814
"371",94019927,0.494832493502641
"372",94499650,0.603873108419891
"373",94999586,0.611492511664135
"374",96679586,0.600496666682549
"375",99119952,0.623549280918475
"376",99229897,0.546302132378805
"377",2209804,0.567470423829809
"378",2629968,0.591433728160395
"379",2809801,0.542904878005787
"380",3189829,0.66486068358242
"381",3689897,0.637443857681044
"382",4139823,0.623403126211987
"383",4589623,0.561889146924165
"384",4899809,0.629099430599355
"385",5019544,0.666337586895591
"386",5929637,0.626188518717206
"387",6599812,0.537665545489384
"388",7119528,0.57482912113309
"389",7249820,0.70715581510436
"390",8329796,0.761103071929019
"391",9019954,0.628826029118156
"392",9939955,0.650699209677343
"393",10769796,0.714174726787934
"394",10859698,0.498454242488816
"395",11019926,0.513924633171545
"396",12919740,0.66622527672653
"397",14649887,0.593698895475416
"398",14749832,0.510422564531801
"399",15259989,0.666334571680442
"400",15759884,0.578037166690704
"401",16269610,0.629715090006763
"402",16359924,0.593512021681239
"403",16869990,0.660355356146499
"404",16909799,0.678921699834868
"405",17219697,0.648281330662582
"406",17459925,0.546443684763855
"407",17829579,0.603030019360893
"408",17849812,0.654236586705001
"409",17919811,0.638257562820658
"410",18219749,0.59778256176472
"411",19379606,0.621212471129988
"412",19789898,0.622269987709221
"413",20379814,0.716677030067608
"414",20899797,0.588724225764418
"415",21429902,0.615677251217234
"416",22029987,0.564412228489778
"417",22129546,0.635425199034507
"418",22519587,0.61349160142538
"419",24069956,0.600223295459996
"420",25069822,0.521904667301914
"421",25179810,0.618773924500044
"422",25439651,0.555814691231866
"423",25899797,0.642271234391441
"424",26949543,0.626740759554317
"425",28389996,0.66816568148608
"426",28499876,0.611010899204149
"427",28779832,0.634983341468142
"428",30039834,0.493660574485903
"429",30869611,0.572789263141558
"430",32539994,0.621718852915847
"431",32559820,0.614535097289756
"432",33249934,0.579682759421553
"433",33289930,0.597756361366455
"434",33989662,0.661528140482868
"435",34629641,0.537746174797091
"436",35199715,0.572524911737953
"437",37099551,0.61730636962635
"438",38199808,0.650778463319928
"439",38269966,0.581981642499448
"440",38369823,0.609775735299646
"441",40239915,0.55912741314128
"442",40349905,0.646842599568188
"443",40549931,0.651234900040346
"444",41739754,0.576110154184207
"445",43129969,0.62288084008892
"446",43509764,0.588499341219375
"447",44009605,0.595684080676984
"448",44379899,0.595818268231788
"449",44769894,0.542336845537988
"450",45559604,0.577669171557369
"451",46079514,0.589533726576714
"452",46249668,0.556759516854026
"453",46539873,0.583086850145201
"454",47739935,0.583864546982498
"455",48929881,0.51859574301794
"456",49709559,0.584274976978032
"457",49969707,0.569023526830686
"458",50759569,0.577564047692797
"459",52589819,0.625007154216028
"460",52829828,0.63425324474337
"461",53629714,0.69937160247745
"462",54079758,0.650842518002043
"463",54489828,0.656259230349929
"464",55259950,0.576862063961592
"465",55289819,0.675941195179846
"466",56629813,0.653178811476825
"467",56669670,0.65976631351716
"468",56679721,0.703007391595637
"469",56929728,0.700127341433518
"470",57449541,0.558981252122792
"471",57779734,0.598263499484255
"472",59389751,0.634566346290816
"473",59639676,0.518350294356435
"474",60559643,0.588463540915666
"475",60749938,0.544834238639446
"476",60769795,0.61233814746744
"477",61019724,0.60228129841765
"478",61759984,0.627814105564386
"479",62129717,0.584162946644
"480",63019856,0.599941475457134
"481",63199955,0.650409539532555
"482",63649948,0.670627031514746
"483",63809842,0.618647071603395
"484",66569958,0.624596490150199
"485",66939745,0.731868552724649
"486",67089984,0.599141593953285
"487",67509816,0.619154549580522
"488",68479723,0.63566117527441
"489",70059863,0.683965636671552
"490",70309838,0.653390769233173
"491",70339834,0.567325944563322
"492",71809833,0.658592239476468
"493",71909986,0.588099155063527
"494",72279819,0.662376493358387
"495",72369948,0.660151318110706
"496",72379577,0.608331213076111
"497",72799724,0.560580980464069
"498",72849610,0.602418237987128
"499",73119924,0.629554840231665
"500",73139910,0.623452845139944
"501",73189683,0.678318702661174
"502",73189903,0.667568853233566
"503",73249656,0.61621508679891
"504",73259941,0.620713708514242
"505",73369631,0.613971904982615
"506",73559939,0.540644077950664
"507",73569895,0.602949995247927
"508",75129816,0.620526552827418
"509",75669812,0.69160884020421
"510",75929995,0.545276352476157
"511",75979514,0.529168685087283
"512",75979969,0.599132102798894
"513",76279966,0.554880511732049
"514",76579825,0.630196087479424
"515",76959946,0.611038750577653
"516",77259975,0.599638167040019
"517",77649985,0.561061523578996
"518",77879866,0.648732314792778
"519",78839724,0.529328844882974
"520",78989819,0.605799653716522
"521",79259680,0.635342142373592
"522",79519516,0.600741760721374
"523",79799813,0.56294042555634
"524",79889606,0.54366834664717
"525",80209969,0.657436589255076
"526",80439521,0.664944237658656
"527",81749948,0.684541105018098
"528",82569822,0.657235254070937
"529",84969976,0.610828726835113
"530",85099835,0.498376495626943
"531",86219926,0.574491731927228
"532",86349736,0.583423487351926
"533",86799985,0.619736464357568
"534",87739997,0.606773008715855
"535",87959993,0.672946247211976
"536",88559800,0.639187774451765
"537",89529739,0.679072790599245
"538",91499539,0.699993041371352
"539",91859522,0.671867570473418
"540",91859585,0.692057709047551
"541",92809817,0.527005183861316
"542",92869591,0.565443149603794
"543",95389989,0.654577787995141
"544",95489949,0.590978153196479
"545",96349924,0.561833492681752
"546",96559580,0.596696864821163
"547",96779824,0.608861127011619
"548",98469905,0.620541215467642
"549",98629946,0.552019046285505
"550",98629985,0.60888818225017
"551",99699822,0.592108213149269
"552",1589813,0.595601402350896
"553",3239920,0.581223914059291
"554",4219822,0.63210485940463
"555",4759939,0.590713140947027
"556",5209899,0.608966344791979
"557",6529522,0.559261416008882
"558",7109918,0.592785811997307
"559",7319748,0.629260155436312
"560",7500000,0.601247714842346
"561",7519976,0.563763994513034
"562",7989981,0.591353673908303
"563",8489894,0.604561532655684
"564",9969898,0.657365933066187
"565",10119936,0.632868916616524
"566",12189899,0.64289769544082
"567",12559813,0.68354295489656
"568",13189706,0.652197356310672
"569",13669829,0.588495405851503
"570",13929537,0.659557890222951
"571",16129896,0.647072394613011
"572",16329840,0.629813310957995
"573",16429753,0.67760635674952
"574",17189675,0.575832423620451
"575",19339540,0.587760995590538
"576",20539890,0.728625652861029
"577",21489560,0.658751555554708
"578",21619611,0.609539604870948
"579",25579896,0.5468765956188
"580",26739689,0.715300900493178
"581",29779920,0.552312934679419
"582",30919566,0.66588190951213
"583",31429680,0.620507125748741
"584",32439773,0.667310917839774
"585",33029710,0.613718767795671
"586",33119644,0.632758915602571
"587",34179982,0.524392979730583
"588",34609961,0.527795366792561
"589",35239958,0.604375080234935
"590",35909909,0.679306405554034
"591",37079576,0.612107727754664
"592",38209579,0.576613289141648
"593",38339836,0.721730773861839
"594",38539649,0.648867158472728
"595",38729807,0.618438765177912
"596",39499797,0.601429751761989
"597",39849975,0.520011559429949
"598",41889912,0.550379417813526
"599",44969803,0.636119810751105
"600",45729602,0.666320209966962
"601",46069693,0.741414198076645
"602",46169874,0.606473451294708
"603",47889961,0.66714278407071
"604",48909989,0.585439097867415
"605",49829757,0.678926106953701
"606",52109908,0.61629065372533
"607",53229965,0.660977741283638
"608",53369610,0.592655503965626
"609",54049864,0.661259645612312
"610",54969865,0.616337875197065
"611",57289543,0.60693789837323
"612",59089608,0.648342338789824
"613",59359786,0.563058330259179
"614",59769826,0.634714414486777
"615",60009847,0.66241817581309
"616",63139548,0.636336513611012
"617",64069935,0.553565908621716
"618",64099775,0.619041840318852
"619",64609833,0.602448908642434
"620",64829730,0.665516833838165
"621",65389934,0.616497552137905
"622",65489581,0.558599432988837
"623",65719947,0.505194464184257
"624",66219731,0.548140113396425
"625",66239864,0.551962997601898
"626",66959841,0.582920000005453
"627",67039605,0.677088786924379
"628",67119753,0.662288008120852
"629",67559548,0.515522937914501
"630",68069545,0.60258718643666
"631",68859924,0.4919156383792
"632",71149962,0.559749648584921
"633",72999968,0.658313343658468
"634",73049516,0.565387271136541
"635",73069709,0.61488228272835
"636",73859929,0.573559914381193
"637",74489998,0.573399759745415
"638",74789979,0.567922866195356
"639",75239975,0.544346413587688
"640",75319661,0.656770162139996
"641",75719956,0.630745891365024
"642",76579556,0.565153575765732
"643",77289542,0.707141855032792
"644",78039536,0.628483529191706
"645",78669628,0.671725032995979
"646",79809829,0.623164495340342
"647",80039814,0.64135826474363
"648",80269990,0.586977712051183
"649",80569915,0.663946762605605
"650",81269578,0.638282652053868
"651",82719851,0.648903833475627
"652",83779599,0.643397646828588
"653",84509815,0.562555943560982
"654",85739994,0.609090505667499
"655",88589894,0.653582148606821
"656",88959959,0.657368057215163
"657",89289948,0.616138150901806
"658",89929931,0.5985135791736
"659",90029545,0.671020656879332
"660",90599963,0.636260318148598
"661",90959548,0.619444442491819
"662",91809811,0.632711664280528
"663",92039545,0.592940418854581
"664",92039648,0.659599183597646
"665",92299950,0.604494241638087
"666",92609582,0.580459422776669
"667",92949974,0.635486883424599
"668",93439979,0.663400097407525
"669",94049559,0.672993839834168
"670",94789789,0.623631710886395
"671",95179832,0.628800375391391
"672",95959691,0.679449206044376
"673",99519944,0.649312363835946
"674",769883,0.69471157758229
"675",2049977,0.526611268639217
"676",9969956,0.64983224578803
"677",15059832,0.551954124932554
"678",17419553,0.669297916649755
"679",19379779,0.554157026970229
"680",22939921,0.617131235810273
"681",24149601,0.576490314129057
"682",25429594,0.680823257270071
"683",26059833,0.594390452639349
"684",26289768,0.551487454449405
"685",26329982,0.572365216186334
"686",28029571,0.618009684608081
"687",29819913,0.580730254093665
"688",32679614,0.562418415314037
"689",36339672,0.523318998542699
"690",37489965,0.543350047556094
"691",39489900,0.689782992131485
"692",48739827,0.582214825278506
"693",51499926,0.581853887963353
"694",53849651,0.614807515197116
"695",54279893,0.689639119630927
"696",57669579,0.602998597507765
"697",64119580,0.659510902138446
"698",68149871,0.585912355871989
"699",68839813,0.660353015572717
"700",69919596,0.58833720167448
"701",70679598,0.627555738274739
"702",72549944,0.642746217482758
"703",74699977,0.65838524394528
"704",79139995,0.614300273457311
"705",85769568,0.632427138294302
"706",86189590,0.653151942943392
"707",89359731,0.651955761527257
"708",89399823,0.553578365360059
"709",91219977,0.575885234428799
"710",92629572,0.63035969202771
"711",94339923,0.628844533383042
"712",99569937,0.633868001940449
"713",559804,0.604406109524885
"714",5089853,0.530596422414318
"715",6799994,0.66530370113946
"716",7299831,0.689226337302871
"717",8399540,0.786545371358206
"718",9169797,0.643911247444372
"719",10749600,0.593119174626694
"720",12389800,0.625795677740676
"721",15009613,0.631788214639132
"722",15419711,0.525372358038813
"723",16209847,0.586129571352501
"724",17349753,0.491548154675556
"725",18069947,0.540067842630498
"726",19119914,0.595622484974383
"727",21859540,0.635594993253529
"728",22929627,0.653597586591111
"729",24039560,0.54098868515732
"730",27799769,0.682501197369703
"731",31039819,0.563674821438993
"732",32239659,0.609381917178553
"733",34629733,0.594405822518462
"734",34709739,0.577638064031285
"735",36269591,0.546394753703799
"736",37169928,0.640616164912881
"737",40169835,0.515674001760291
"738",40889581,0.640430865262735
"739",41469905,0.548969911686456
"740",42469797,0.576777542801457
"741",44699537,0.617101501115216
"742",44709994,0.597494769168984
"743",46159619,0.602687858827746
"744",47389671,0.670148350001817
"745",48339829,0.65845099074633
"746",50029548,0.623561620481811
"747",50389832,0.590034617702441
"748",50509899,0.535623773923852
"749",53869803,0.57941629248466
"750",56009954,0.620658205349577
"751",56779976,0.669550586280935
"752",58989946,0.736169179355723
"753",60609935,0.5616764523209
"754",62019817,0.640566192530085
"755",63579822,0.592588848432591
"756",63929565,0.797056577893007
"757",65289953,0.586061905744262
"758",65949616,0.67384185423105
"759",66699998,0.655780390402246
"760",67829997,0.518545719754765
"761",68909835,0.498893486494689
"762",70319955,0.635625214046686
"763",71269983,0.543665210657727
"764",73449706,0.560682517721496
"765",74909637,0.63987001789224
"766",75689897,0.57068170050973
"767",76429997,0.648884205021973
"768",80069965,0.651465013481854
"769",81159947,0.612253415541514
"770",81309650,0.617305982346796
"771",82309982,0.673826911923063
"772",82399950,0.520206373914006
"773",84289802,0.547004609947672
"774",87219981,0.547978489663366
"775",88639546,0.529586038836377
"776",88689910,0.530627900847908
"777",89129663,0.608675685065976
"778",90999657,0.654382151651806
"779",92159812,0.701367276566353
"780",92889644,0.658038693966589
"781",93489800,0.573782608647789
"782",93929673,0.614528151013182
"783",95409578,0.634474233710871
"784",3299585,0.669620478994932
"785",4139886,0.686249382811953
"786",5369881,0.692634385143968
"787",10679950,0.612047571035076
"788",12299631,0.666415760206861
"789",13679928,0.659858677185992
"790",14259755,0.606932511605544
"791",15499629,0.559971446950332
"792",17329814,0.657757866979506
"793",19769843,0.559873365099988
"794",19879521,0.661021092897618
"795",20959540,0.630683018190872
"796",21319608,0.590051687920383
"797",24609776,0.731623301065013
"798",24939852,0.594971109938493
"799",25759967,0.676735629309857
"800",28149981,0.582636030673201
"801",30769971,0.661500849761756
"802",32469998,0.672694803468874
"803",32699523,0.663050795528097
"804",32929755,0.595120169821673
"805",34409832,0.732893129090127
"806",36139969,0.633660673986204
"807",37889608,0.554256148262218
"808",40439944,0.521604810649031
"809",42609554,0.641567953333102
"810",42659898,0.584209097656967
"811",43209587,0.639961033383709
"812",44029996,0.626172128812077
"813",44159991,0.567348003871699
"814",47009769,0.490191075952319
"815",47519827,0.635659727828025
"816",48119832,0.743061464784866
"817",53349544,0.596350419079455
"818",55469918,0.618795643316897
"819",56209977,0.619911991179138
"820",59599598,0.516839731469092
"821",59649884,0.621343537310039
"822",63369805,0.570408750040581
"823",65519932,0.54878016480064
"824",69679884,0.683948016427282
"825",69909540,0.641261246619292
"826",70329992,0.615449465025233
"827",75469954,0.536307238391887
"828",79899874,0.621012083658656
"829",80169689,0.60588166236752
"830",80499576,0.58797407125114
"831",81429816,0.604492284478148
"832",85949697,0.619510801701446
"833",87589819,0.587757061566038
"834",87839536,0.595189861259336
"835",87969985,0.673436607427002
"836",91399816,0.523025964527107
"837",93069776,0.600996788512308
"838",93529776,0.678652192100606
"839",93899938,0.566634965728497
"840",609881,0.77453990634848
"841",3489829,0.593528973134848
"842",11769881,0.568324923395886
"843",14079512,0.705412000865386
"844",15149959,0.59832933069824
"845",17099785,0.554783250342437
"846",18229557,0.657566895934734
"847",19609746,0.625466352087144
"848",25619583,0.635983404834043
"849",26039563,0.533707797971852
"850",26159683,0.654958571544192
"851",29089643,0.636127475596368
"852",31889833,0.667171257636306
"853",39929975,0.613733646873848
"854",45089974,0.608711701866342
"855",45519981,0.619024055094747
"856",54199733,0.633651560044555
"857",54459976,0.580668386669986
"858",59499720,0.613601872684592
"859",62139531,0.641058214084845
"860",70019570,0.511625509708785
"861",78619916,0.690522783203808
"862",79999656,0.564386398786522
"863",83019932,0.657339538103244
"864",83519590,0.586729133986041
"865",84439900,0.610714658042885
"866",93349625,0.624289595234942
"867",93819972,0.669204386536613
"868",96509803,0.659193482887631
"869",97339976,0.555369207436066
"870",39856,0.720958305682221
"871",1539803,0.673103432578356
"872",1979644,0.675281838203133
"873",2589576,0.558359807737814
"874",3239931,0.637552662321224
"875",3409832,0.639977802122013
"876",3509691,0.606117196226698
"877",3979821,0.617976284738771
"878",4319967,0.649195666234789
"879",4459951,0.596587291588508
"880",5039834,0.509464148533536
"881",5059954,0.506131110367107
"882",5749887,0.627343983574634
"883",6139888,0.598006132013959
"884",6629718,0.702949059212308
"885",6739641,0.52936416578419
"886",6909998,0.661810514690728
"887",7879516,0.654545899339468
"888",7889790,0.689974633425289
"889",8279980,0.655426865871024
"890",9519528,0.550211887962267
"891",10119835,0.528865857050625
"892",11199831,0.57685185019026
"893",11609822,0.62678004702941
"894",12709994,0.644232585415184
"895",14179738,0.710105185956146
"896",14639599,0.681467239387071
"897",15109873,0.636357587438855
"898",15529995,0.609537769694539
"899",16249638,0.640043772568763
"900",16339676,0.651004118860447
"901",16779934,0.646465697979193
"902",16879828,0.665614252786664
"903",17049579,0.6347206171541
"904",17929584,0.652216753106779
"905",19109770,0.610549131612204
"906",19449799,0.679872195735113
"907",19849674,0.681237462019756
"908",21729808,0.689268524319424
"909",22499552,0.710062117833873
"910",22849582,0.556093265370078
"911",23649756,0.585316714608834
"912",24039818,0.681169940241162
"913",24589655,0.515220947510206
"914",24719817,0.661970094207048
"915",25249953,0.576480798083599
"916",25669531,0.638828914195712
"917",26019953,0.633312562841507
"918",26159689,0.665131912136168
"919",27379831,0.551476953612199
"920",27449746,0.692057797865235
"921",27969633,0.741381678579965
"922",27989838,0.576028411427697
"923",28589626,0.628929363015966
"924",28979677,0.65946708882302
"925",29329834,0.543013483674986
"926",29649742,0.618991894033094
"927",30739938,0.619933859476185
"928",30869590,0.663098171342371
"929",31009635,0.538431239172096
"930",31119827,0.699631359374142
"931",31739724,0.639873033927902
"932",32489834,0.526296477848916
"933",32489866,0.594698035259302
"934",32869808,0.695945758990712
"935",33309653,0.725991965361959
"936",33419626,0.719268113087425
"937",34519809,0.622733926197764
"938",35079602,0.6611371681113
"939",35499946,0.680330681119691
"940",36369965,0.458836557265962
"941",38679713,0.571181045290791
"942",39249767,0.68136126017122
"943",39269851,0.545332433943474
"944",39279924,0.639893913843333
"945",40549840,0.692575040587326
"946",41519646,0.58066530418639
"947",42559965,0.618035563226689
"948",44279584,0.645869409219263
"949",45719537,0.619254802941598
"950",45809866,0.630971308698184
"951",46319846,0.589653997180465
"952",46959980,0.66385786526054
"953",48179755,0.671374713147645
"954",48429907,0.670384357620408
"955",48489598,0.597026894260417
"956",49559641,0.635009033777519
"957",50639616,0.762487956586167
"958",50669657,0.6819716710514
"959",51149746,0.546011792771696
"960",51199835,0.587197942581479
"961",51849807,0.609254301461513
"962",52279824,0.629084854476037
"963",54589520,0.59371102451733
"964",54949636,0.695708656858301
"965",55919816,0.576069507049908
"966",56569927,0.539104456242593
"967",56669958,0.642415302358706
"968",56839870,0.553385763734128
"969",58199854,0.627848776076564
"970",58959780,0.527836535976705
"971",59599958,0.575102955985119
"972",59909971,0.573121588854195
"973",59979982,0.543467351805649
"974",60039707,0.525724660981391
"975",60329807,0.66432337162826
"976",60679980,0.546702323974274
"977",60749585,0.649904466981026
"978",61659986,0.604912826985275
"979",62799731,0.573061700371381
"980",63609837,0.633466043928159
"981",64049949,0.623785158434323
"982",64799525,0.645052725182744
"983",64979914,0.60880511663787
"984",65029545,0.67656889711567
"985",65029956,0.648387423136418
"986",65369922,0.664864591552941
"987",66379971,0.624809705182813
"988",67109912,0.50754866091524
"989",67139912,0.59910111277516
"990",67319647,0.601494151568033
"991",67709946,0.66224440327819
"992",68239997,0.680046070647756
"993",68489597,0.687467332889408
"994",69009686,0.629773476097509
"995",69179948,0.568312971447758
"996",70589922,0.634286597718624
"997",70869780,0.551537241953475
"998",72609891,0.679735960967615
"999",72709931,0.563415736024351
"1000",73649581,0.634702697863739
"1001",73929558,0.664920268060596
"1002",73939814,0.66637526502951
"1003",74249611,0.579538063493815
"1004",74469991,0.626356285496756
"1005",76099948,0.672641637169128
"1006",77089808,0.652577874117932
"1007",77839901,0.630523235700179
"1008",78279826,0.712358410032513
"1009",78919580,0.593720577603293
"1010",79139509,0.636647275781104
"1011",79479948,0.628858315132397
"1012",79869845,0.629617063819924
"1013",80539808,0.565510694504129
"1014",80769887,0.678220706341998
"1015",80899687,0.642126656594861
"1016",81219581,0.616046272976582
"1017",82599846,0.599700802281255
"1018",82669849,0.628339427583265
"1019",82849654,0.589728209191601
"1020",83549946,0.573799066567916
"1021",83869839,0.700976299400677
"1022",84089627,0.657995385981555
"1023",84379915,0.585086324291717
"1024",84519978,0.757858114290037
"1025",85399739,0.630837148299785
"1026",85489814,0.623878731846739
"1027",85619808,0.620904548686342
"1028",87279899,0.689182001980089
"1029",87379789,0.595773874579817
"1030",87459819,0.557465206161922
"1031",88149930,0.71128254165553
"1032",89439828,0.623664944527097
"1033",89529591,0.632676237384673
"1034",89959808,0.636840360041251
"1035",90709724,0.664277242262605
"1036",91219819,0.563588323628925
"1037",91219895,0.670201243469508
"1038",91649925,0.668268111929053
"1039",92139922,0.696880937411425
"1040",93589979,0.644413986360174
"1041",93869930,0.599904632170919
"1042",93909955,0.758701935896538
"1043",94229986,0.652908633804105
"1044",94569799,0.725287601864867
"1045",95059556,0.639765580739756
"1046",95239946,0.646914044059788
"1047",95309674,0.722693229580943
"1048",95499970,0.689174440098397
"1049",96189548,0.642451359958861
"1050",96769555,0.649891511053423
"1051",96769578,0.620109606168582
"1052",96829565,0.59655623309049
"1053",97179990,0.658561313304917
"1054",97469953,0.577222793732965
"1055",98379608,0.828523903087886
"1056",99939955,0.635769680388628
"1057",1329967,0.744244626351335
"1058",3029520,0.759090058274618
"1059",6599998,0.65949793894729
"1060",16239779,0.570241341261197
"1061",21239863,0.622990850132795
"1062",25759842,0.670709400311741
"1063",35629782,0.541923996298505
"1064",36599872,0.63604883999629
"1065",42809735,0.718509977770504
"1066",48669992,0.650183240403433
"1067",54949540,0.660611118300526
"1068",61919896,0.63088081217808
"1069",62829619,0.667842965963377
"1070",63509900,0.627207757171096
"1071",66439704,0.52279901964126
"1072",66579988,0.613050068125735
"1073",66779592,0.627151075169624
"1074",67229965,0.582858162836061
"1075",67799575,0.624216686787074
"1076",68599655,0.668364222852618
"1077",77609665,0.599705435043868
"1078",80479816,0.5967263819591
"1079",82799808,0.622760185486311
"1080",84149561,0.654321025809687
"1081",91789971,0.667014029142861
"1082",97009573,0.62970891505593
"1083",99149833,0.495810470111846
"1084",99869771,0.712775354349086
"1085",2969695,0.658020176553197
"1086",4729534,0.653870830352097
"1087",6149942,0.580078414615756
"1088",7919932,0.555349994913178
"1089",9019561,0.687097680562643
"1090",11889976,0.650413675258373
"1091",13319547,0.532163102793249
"1092",13479847,0.68371843382885
"1093",15549904,0.631368045862408
"1094",15739825,0.618791731699638
"1095",17339939,0.69450351788111
"1096",18859893,0.61245571807411
"1097",19359578,0.637698260922929
"1098",20009976,0.64166293015392
"1099",20179636,0.602266379723326
"1100",20219866,0.664890643363697
"1101",30379793,0.636600314039065
"1102",31069959,0.603236758596772
"1103",32669761,0.716230972790943
"1104",33099906,0.628263681524073
"1105",37129841,0.5323927082164
"1106",37809904,0.612046539648245
"1107",44699716,0.672107898826463
"1108",44879963,0.673347439639659
"1109",45079933,0.611529186017385
"1110",45289949,0.645854822752322
"1111",45519715,0.596809937206018
"1112",47189724,0.604997287619956
"1113",48029974,0.577193786390232
"1114",49299583,0.478473857735713
"1115",51619805,0.64437740141841
"1116",52559517,0.684697422587084
"1117",54329919,0.613604735143082
"1118",54339975,0.59846146959839
"1119",55139982,0.621735781143827
"1120",56989607,0.630045675662027
"1121",57019943,0.705031175020148
"1122",57229509,0.678927272756566
"1123",58919615,0.665195341663157
"1124",59719854,0.631680250370354
"1125",62409736,0.60577129646651
"1126",64079828,0.633414553361145
"1127",64699907,0.663666396871653
"1128",65039971,0.768857995664304
"1129",69909898,0.568481905492976
"1130",71399913,0.649100341119204
"1131",77629838,0.641599754506824
"1132",78099516,0.693904610217038
"1133",79289768,0.607484754981558
"1134",81279937,0.657693253362071
"1135",82049535,0.595518680240822
"1136",89199579,0.672233313886384
"1137",89299629,0.592727951467245
"1138",89739990,0.665433384469621
"1139",90299538,0.631043784461202
"1140",90889526,0.641720695840783
"1141",96339836,0.558884651496013
"1142",97639569,0.578108430113768
"1143",97729823,0.618791594778715
"1144",98679988,0.586157656709804
"1145",339627,0.577249279200598
"1146",11559947,0.550921065242944
"1147",12689530,0.590983638592207
"1148",13949935,0.598027204923019
"1149",19489870,0.475453252076309
"1150",24099604,0.654595810084509
"1151",28339832,0.604259733815948
"1152",30969620,0.544929008462385
"1153",31079582,0.521379666930295
"1154",31479538,0.612599803869212
"1155",33329832,0.605652204138283
"1156",33699866,0.553003506574454
"1157",40959631,0.472148586395718
"1158",42539880,0.729994485517725
"1159",44829828,0.674601023632711
"1160",46489831,0.692045387155766
"1161",46769985,0.684288567806824
"1162",47659578,0.629918562484202
"1163",48249965,0.606051947353793
"1164",48549881,0.555992617548711
"1165",48619969,0.670798359651185
"1166",49159711,0.645107180210689
"1167",49579835,0.556050190071778
"1168",50779606,0.55702368182624
"1169",53179532,0.636205568031263
"1170",57599576,0.691011115935596
"1171",59619819,0.64875701478241
"1172",60629976,0.603665744274723
"1173",63159673,0.616645044971041
"1174",63539889,0.652271046249377
"1175",63899694,0.723417487862657
"1176",64019655,0.662862859392101
"1177",65509546,0.541320616339229
"1178",67309958,0.672991133066635
"1179",70949630,0.579609298932817
"1180",73319677,0.553546110905506
"1181",74959935,0.677470263066782
"1182",77539710,0.538166097653367
"1183",77889863,0.664287856861927
"1184",77939826,0.648142747831786
"1185",78819563,0.624253600888456
"1186",79409981,0.611510667613172
"1187",80509648,0.647554403312939
"1188",81689633,0.562233907899325
"1189",82669531,0.631423871526452
"1190",83999556,0.73961880713454
"1191",86199730,0.603712821596067
"1192",86539546,0.648456366470203
"1193",86909534,0.678479700086914
"1194",88939693,0.52586677047604
"1195",93409897,0.567167759632278
"1196",96909541,0.580504182618589
"1197",97309834,0.54790544280803
"1198",98209999,0.634525554032759
"1199",99599996,0.677292774818722
"1200",29568,0.631554180160364
"1201",4559994,0.687611184632827
"1202",21079546,0.675932773173405
"1203",32739623,0.636122758246786
"1204",34259807,0.61078115050279
"1205",40099958,0.622227315503364
"1206",45769973,0.713929759880677
"1207",61109732,0.63845794569989
"1208",61549555,0.626083744558175
"1209",83239808,0.613768750768339
"1210",94159608,0.622914935371405
"1211",14379939,0.594597260694403
"1212",29079953,0.562313725688659
"1213",32989638,0.612854213996358
"1214",35879867,0.646891480554469
"1215",43249812,0.616111551244486
"1216",44989801,0.543927632296487
"1217",47029730,0.570761916867587
"1218",55329632,0.702320261839885
"1219",68509954,0.574879920667763
"1220",81149908,0.544459942875438
"1221",89869626,0.57631926281029
"1222",94859825,0.559489845794501
"1223",29909,0.596623959224913
"1224",4689635,0.491767983101322
"1225",7189760,0.626699456009116
"1226",9949803,0.627671599606333
"1227",13099817,0.48243838907597
"1228",21359556,0.642188163586
"1229",39679904,0.687601889677575
"1230",41939652,0.688214258858992
"1231",46139864,0.674597236463455
"1232",46869541,0.703073441334508
"1233",54839800,0.589511082790353
"1234",54989628,0.564278593573308
"1235",57069655,0.732625566321515
"1236",67009556,0.617540091461021
"1237",71679855,0.595790571587013
"1238",76369975,0.640920784838006
"1239",84059998,0.623958334090936
"1240",87279960,0.674332461974341
"1241",90229683,0.56408253047601
"1242",91119824,0.607278186423668
"1243",92129893,0.605683999414439
"1244",95859578,0.58206203150361
"1245",709543,0.564145644280591
"1246",3689815,0.648795599316887
"1247",4149898,0.588911090981146
"1248",18019542,0.630854081043286
"1249",27039629,0.656833010658664
"1250",34399626,0.551931193166205
"1251",42659994,0.632027678360496
"1252",43919990,0.673972602821856
"1253",44809845,0.723255763219082
"1254",57949815,0.636328425765399
"1255",59509843,0.542356862400882
"1256",66459985,0.65269538716444
"1257",72419745,0.664428506994588
"1258",75709600,0.646022524142756
"1259",78339527,0.722606834636005
"1260",91719646,0.629666805942476
"1261",93059555,0.57386384017145
"1262",94479963,0.657572247315581
"1263",749639,0.580797733684823
"1264",2009974,0.600031336125876
"1265",2909908,0.642957662688802
"1266",3779918,0.570906592750287
"1267",7619949,0.563971083419891
"1268",9209960,0.57949787046437
"1269",9499587,0.679517527171248
"1270",14719985,0.697575481403884
"1271",16949753,0.641267953754284
"1272",30279834,0.529689208549409
"1273",36349611,0.633734305024722
"1274",48049982,0.535132399014665
"1275",48439936,0.684044932597748
"1276",48479522,0.570648365498766
"1277",50729606,0.618084325444178
"1278",55559919,0.707295693171685
"1279",61839894,0.75895811984791
"1280",67779997,0.596858461553504
"1281",71829928,0.602191971045539
"1282",90829769,0.617874665888949
"1283",92609580,0.687068983931722
"1284",8399671,0.583407329252862
"1285",21849939,0.59367121411322
"1286",25619933,0.658924769207085
"1287",27899942,0.713625432809053
"1288",54489891,0.623190065464722
"1289",91509855,0.588022762748566
"1290",99579555,0.726943323107816
"1291",50069642,0.542145619260757
"1292",65649582,0.61925150277425
"1293",87429821,0.722192631861969
"1294",6509998,0.596859140135541
"1295",7399797,0.589021914445441
"1296",17659971,0.571995428637804
"1297",20139926,0.534339383358688
"1298",23669807,0.623012184292955
"1299",32239576,0.640274522010549
"1300",35389919,0.564909565370435
"1301",41809980,0.67403936883109
"1302",50629997,0.661383007414995
"1303",66099964,0.616638268965858
"1304",71889894,0.591398504281933
"1305",85739554,0.5935142339618
"1306",2679893,0.576808433685593
"1307",13399563,0.656354388042842
"1308",13559579,0.622648593366133
"1309",16259526,0.649300925270252
"1310",17599817,0.609631760951411
"1311",31359876,0.595625277193001
"1312",43499795,0.515131871055494
"1313",52709691,0.640953916554957
"1314",52809650,0.601517230531658
"1315",54479948,0.49517953033786
"1316",62009827,0.729550270877729
"1317",66979624,0.637116980410137
"1318",12969814,0.614361545230845
"1319",37589569,0.553080125899276
"1320",8409818,0.551142517580363
"1321",20109577,0.563620591191527
"1322",72509958,0.634000365565905
"1323",73979986,0.508354679499949
"1324",89849952,0.606035637747232
"1325",7089970,0.631830390684799
"1326",7609764,0.556560537110787
"1327",9739628,0.576395493795578
"1328",66139812,0.648523221119782
"1329",86339952,0.703283094969806
"1330",11369915,0.629223283251666
"1331",23689998,0.641556609371479
"1332",64959795,0.587802726816313
"1333",89299811,0.555692676974793
"1334",7129671,0.528781648966661
"1335",20589880,0.56396128945605
"1336",25229808,0.562983691092392
"1337",37549587,0.600883307800513
"1338",47519536,0.553605916131428
"1339",48289855,0.636805236528197
"1340",54649817,0.580095350270409
"1341",58859523,0.677758496537842
"1342",67369569,0.677644856565248
"1343",73509796,0.684914216628767
"1344",84829936,0.606207482827423
"1345",7029899,0.552879239030181
"1346",7789800,0.564506658841169
"1347",16419540,0.667299329591435
"1348",22149556,0.555048682284681
"1349",23449859,0.599125812922072
"1350",28199726,0.554900791415524
"1351",34669973,0.546186728319084
"1352",36559554,0.597784053702542
"1353",38269885,0.576483126050727
"1354",40619813,0.525344279077503
"1355",41469903,0.570756957840915
"1356",42199812,0.551307226147815
"1357",55769927,0.534137164568953
"1358",66069532,0.571453554249848
"1359",72129899,0.585152050417456
"1360",85879755,0.56280047179601
"1361",90049797,0.585300238875997
"1362",5669543,0.688192317261008
"1363",8499548,0.758712420107413
"1364",17239998,0.544816070429363
"1365",41309992,0.615258507694467
"1366",54049814,0.633721126496819
"1367",62259660,0.699940407096308
"1368",74569670,0.709973051457703
"1369",79869779,0.556897017904343
"1370",96579842,0.560023004820765
"1371",5039894,0.627897571767364
"1372",8779954,0.534064426976848
"1373",11819644,0.594427912212425
"1374",13269913,0.61147692109336
"1375",18259955,0.670496731233661
"1376",47409833,0.597442299904337
"1377",65029719,0.635785833403935
"1378",95079770,0.592388231482102
"1379",30519968,0.602332033038643
"1380",58349654,0.557927441571958
"1381",69919605,0.598665199051802
"1382",93589983,0.585009477142096
"1383",2039621,0.637494585247311
"1384",13139550,0.584733509110551
"1385",15609797,0.550061362078008
"1386",19919796,0.618248612694154
"1387",24319826,0.67763887306813
"1388",50689836,0.541408056099187
"1389",54099615,0.583897193598861
"1390",55659902,0.591738416207526
"1391",57339809,0.752174613800367
"1392",62079928,0.570327180611762
"1393",109693,0.533910561537167
"1394",3509800,0.646431800874537
"1395",6209836,0.664580347951515
"1396",19199994,0.647562845506651
"1397",21839545,0.623392747439583
"1398",37869746,0.57508149311325
"1399",39699983,0.671685119718964
"1400",45979995,0.651542714887667
"1401",47729807,0.680590401578825
"1402",53129539,0.674395682710954
"1403",53419736,0.585871644650732
"1404",59989974,0.603190977221844
"1405",60119515,0.638484352581429
"1406",61079531,0.63688229926141
"1407",61719826,0.651992052664013
"1408",71399729,0.527321312553231
"1409",72579576,0.666396413819335
"1410",87299835,0.507192308428602
"1411",89209703,0.6402195255067
"1412",94639997,0.609801180853468
"1413",96229536,0.601481513949124
"1414",2719577,0.649635657506243
"1415",12509635,0.694736464184996
"1416",13439985,0.682821478482745
"1417",13669920,0.623398514560275
"1418",19369626,0.622106102442436
"1419",21159531,0.628187598806734
"1420",24739975,0.613360995772752
"1421",24809907,0.579360220423934
"1422",25089826,0.671871546292575
"1423",29779654,0.595388787182618
"1424",30219921,0.680073069514126
"1425",30349561,0.607337840265349
"1426",32329957,0.609453656961043
"1427",33879810,0.614227353961704
"1428",38519883,0.593162150351558
"1429",41919552,0.595820952524264
"1430",46179611,0.652306967995471
"1431",51369561,0.617953036975014
"1432",55909600,0.67303137275684
"1433",56999610,0.596115393129143
"1434",60839618,0.664268073281894
"1435",66319699,0.594617413579969
"1436",76079978,0.642227664155249
"1437",86239819,0.586748944400234
"1438",86979906,0.627321513673835
"1439",97939915,0.633995070766689
"1440",99959807,0.666809390288987
"1441",989587,0.666925003033372
"1442",1849794,0.658704956590215
"1443",2089806,0.569751469929906
"1444",2499933,0.679642573038345
"1445",6389560,0.564706735837934
"1446",6759673,0.554841399107695
"1447",10529942,0.623443462736217
"1448",11349754,0.647624160277147
"1449",11949834,0.484258425900756
"1450",14109606,0.540034740819555
"1451",14419556,0.546739996113687
"1452",15159980,0.592241084994419
"1453",16439955,0.619379871001279
"1454",16979906,0.585372945984053
"1455",18249950,0.777236668750193
"1456",19969667,0.591704093480813
"1457",21139537,0.639231805191661
"1458",22009953,0.604081099778065
"1459",25789819,0.448627738615207
"1460",26019578,0.759713607003224
"1461",28219577,0.623017418074049
"1462",28319842,0.561788846097748
"1463",28749536,0.642581196685231
"1464",29299986,0.670071006620203
"1465",31199832,0.664127828308594
"1466",34159622,0.602421005666989
"1467",35159813,0.65214284683974
"1468",35569547,0.664592373950461
"1469",42879651,0.561563373408213
"1470",42909650,0.578803946490929
"1471",42939627,0.526974257368183
"1472",45539850,0.666632923811577
"1473",46409826,0.645406865380525
"1474",55779990,0.637110119353921
"1475",57919773,0.686566256370778
"1476",58439884,0.641039874033724
"1477",58889636,0.520744219544332
"1478",60789968,0.619525223383635
"1479",61129655,0.620869542476333
"1480",61889820,0.68088320741682
"1481",63509609,0.591471292247928
"1482",63869936,0.567638406346082
"1483",66749695,0.675674208861303
"1484",67499957,0.655788326884864
"1485",67609874,0.557327418658295
"1486",73299981,0.680213421944071
"1487",74629735,0.562384688619178
"1488",79999567,0.62186382862743
"1489",80089949,0.588112195066824
"1490",80389854,0.640441794924737
"1491",80919996,0.629617942207531
"1492",84859558,0.701737831222554
"1493",85859943,0.722779384233796
"1494",89179574,0.648807486683875
"1495",89509969,0.614967199339434
"1496",89989770,0.641550590986646
"1497",90219881,0.582164160652929
"1498",91579746,0.658494762366049
"1499",93059807,0.572922317059839
"1500",93289858,0.687720790386769
"1501",96529749,0.628913995731456
"1502",98909970,0.642775933052518
"1503",2569933,0.588125715897564
"1504",29089734,0.657805551736409
"1505",34699653,0.673259326313698
"1506",36659834,0.530889485908108
"1507",42409790,0.574932142334225
"1508",50759830,0.545840062593903
"1509",52039819,0.560110492061922
"1510",65929545,0.581669005345042
"1511",289996,0.71626066143747
"1512",9499978,0.621128731681961
"1513",18149540,0.788277155989796
"1514",21369794,0.724578171861292
"1515",27699971,0.573769441228901
"1516",35929982,0.535530168904485
"1517",38249885,0.567489712196293
"1518",45229831,0.634733324690251
"1519",80089936,0.551675228005855
"1520",81439559,0.666836299801906
"1521",91059640,0.639440206926386
"1522",98729746,0.678131761409548
"1523",869947,0.631865627637609
"1524",2389981,0.67269094944702
"1525",2899928,0.732878835319952
"1526",10179820,0.601968283077702
"1527",31969970,0.512332086411082
"1528",37059708,0.598498508721841
"1529",48829987,0.643532031223637
"1530",50019950,0.675301989075457
"1531",55849949,0.649888335439432
"1532",67249587,0.587522759517447
"1533",72349555,0.528502863055026
"1534",79779652,0.625286597074244
"1535",88819634,0.529265494518778
"1536",91019566,0.662727129354795
"1537",9289880,0.676582260233409
"1538",9459930,0.684430919275621
"1539",9879865,0.683881650879673
"1540",12779905,0.568435726136065
"1541",13899534,0.669821168977302
"1542",27129562,0.696053145295383
"1543",30759570,0.453039147970324
"1544",31469834,0.572238640140541
"1545",41009992,0.665437158905328
"1546",53769798,0.610820453233469
"1547",60829822,0.652444475296936
"1548",69489826,0.580379735392137
"1549",75459553,0.663421832097393
"1550",79829813,0.6225058881905
"1551",83159986,0.518278401199816
"1552",83779678,0.766890899233466
"1553",86629822,0.598446697057991
"1554",91709522,0.721669270627358
"1555",97659571,0.601197267433802
"1556",6019835,0.533449740561949
"1557",33369963,0.639308775184559
"1558",42889548,0.714545431801615
"1559",56519660,0.579355970207371
"1560",66549851,0.526919666090996
"1561",79899777,0.572547674410989
"1562",85909956,0.667689091603795
"1563",9829989,0.632722809537022
"1564",10959705,0.67901449421615
"1565",18239884,0.592921266714969
"1566",23629919,0.63491708403188
"1567",30469807,0.565346641279173
"1568",32829816,0.569320692279617
"1569",39529828,0.614835716839251
"1570",54809974,0.697353596584305
"1571",58489985,0.567058315602012
"1572",63569918,0.589414521445472
"1573",65259829,0.672410480957948
"1574",65609656,0.648789109679275
"1575",71149834,0.56044742239378
"1576",72679677,0.615562407338654
"1577",74089696,0.667848893777227
"1578",75939806,0.663182704427488
"1579",78979573,0.609388114776348
"1580",84449516,0.716031379878901
"1581",84929943,0.540129102457709
"1582",7489632,0.673588781878179
"1583",8229636,0.640093220571705
"1584",15009953,0.589555755722588
"1585",41659638,0.610093204417654
"1586",58939977,0.705467528895838
"1587",71819962,0.587039556970033
"1588",75859738,0.724107498194191
"1589",3269902,0.619189942685123
"1590",15879989,0.63403869063984
"1591",50229998,0.683581026779196
"1592",53679928,0.616046757970585
"1593",55709533,0.613171761267795
"1594",63149599,0.626673768628871
"1595",77959895,0.647712159518828
"1596",82349795,0.688723389641471
"1597",88539812,0.608012145505919
"1598",91379569,0.57935386300057
"1599",98199541,0.555936417394918
"1600",20529913,0.519329820251389
"1601",26769833,0.626142192214477
"1602",53759799,0.589411027173568
"1603",59629547,0.564832463928122
"1604",91769669,0.614975914740632
"1605",1659549,0.632230323308372
"1606",11789887,0.690010537765661
"1607",14809603,0.607129345158868
"1608",15629812,0.547605732896299
"1609",18309830,0.676247964661733
"1610",29759594,0.6224336077905
"1611",31859800,0.566671629702345
"1612",36259638,0.56561213705382
"1613",40309538,0.64573832874078
"1614",45729819,0.630635332264772
"1615",48009606,0.543403241182976
"1616",51719995,0.637148289156311
"1617",60259886,0.66809493364001
"1618",67379981,0.622115800135219
"1619",68749573,0.57142557108366
"1620",74209587,0.722127427750276
"1621",77349561,0.731616041033805
"1622",83089666,0.618712090462924
"1623",83359599,0.632784595908473
"1624",87919977,0.606388294615139
"1625",90419902,0.614254608759532
"1626",94869963,0.562780609272991
"1627",99569587,0.615459326222457
"1628",17799733,0.541932351767493
"1629",28149580,0.600299029331276
"1630",28939820,0.68986568530904
"1631",38789712,0.639325420202702
"1632",51999637,0.592166045974913
"1633",58199914,0.585788584735072
"1634",73819979,0.590912871520747
"1635",79089986,0.612936058324732
"1636",86559607,0.632981103282695
"1637",96479520,0.669666103952647
"1638",9829737,0.642961594795036
"1639",47199967,0.558858843238302
"1640",60669998,0.613226451442352
"1641",79609857,0.598108044432681
"1642",83379817,0.594836140108669
"1643",85799976,0.664535565654606
"1644",42949598,0.503124271812088
"1645",59329765,0.746155810666368
"1646",70599976,0.651946011847498
"1647",71179542,0.670887975189818
"1648",16419607,0.597853821008078
"1649",21079559,0.600597313710787
"1650",30079766,0.569181240112163
"1651",4579768,0.694272024352325
"1652",12999970,0.66746956647157
"1653",28819678,0.568272972577221
"1654",61179722,0.697525149086821
"1655",96059734,0.630034882551203
"1656",96319541,0.620043194345065
"1657",98989959,0.550680528757303
"1658",11609958,0.582355010968503
"1659",14549700,0.576083209948666
"1660",25089819,0.575718622454661
"1661",47979538,0.565592170157477
"1662",83659994,0.6922132444232
"1663",67809958,0.683410178552928
"1664",86569519,0.6441841792617
"1665",91979512,0.619245910517498
"1666",8749884,0.510167859738632
"1667",37109806,0.631822051337119
"1668",74569796,0.608672704230072
"1669",89029528,0.736853468950608
"1670",90829886,0.652070619856726
"1671",22729979,0.607742511837846
"1672",26649939,0.648973239109198
"1673",36499864,0.668739086200262
"1674",57029982,0.583286237816108
"1675",73859552,0.634785710137458
"1676",83569974,0.621203999885294
"1677",98569581,0.634906579476477
"1678",10229970,0.561665924037139
"1679",12869802,0.688652649565943
"1680",54299912,0.655955754549708
"1681",71449796,0.626385924713098
"1682",81529778,0.646750120836787
"1683",5429986,0.598117814018195
"1684",62209651,0.530359804425062
"1685",47899869,0.573436190673054
"1686",89249865,0.554582736921886
"1687",82499585,0.681377695197468
"1688",84299926,0.354083138057856
"1689",26389660,0.671468009504823
"1690",66959544,0.590460508772865
"1691",299749,0.695311296076435
"1692",48939584,0.71134234337637
"1693",9829953,0.646400135459428
"1694",27609569,0.716027387481214
"1695",38039576,0.679012007006068
"1696",50369772,0.633154150864448
"1697",76619544,0.775667556351112
"1698",78119662,0.723295087409469
"1699",78919950,0.56283132573119
"1700",96879682,0.494215434517007
"1701",28689816,0.577227836211009
"1702",83619996,0.651375558418874
"1703",86899624,0.652505542959224
"1704",23009913,0.630577443788684
"1705",48379629,0.652734584620865
"1706",77429921,0.610136637896634
"1707",13489682,0.591709558191254
"1708",68209534,0.688588042580455
"1709",75069811,0.780818551367681
"1710",88899548,0.653288714011629
"1711",7679874,0.631237292666005
"1712",48009896,0.692722308468497
"1713",2469932,0.636738800376324
"1714",13129651,0.696300551749205
"1715",22799572,0.610293570771582
"1716",38169913,0.630041463400141
"1717",40519972,0.613379829831369
"1718",45639859,0.5639598140999
"1719",49939636,0.59984611270062
"1720",52319807,0.593798665726749
"1721",72919811,0.629516214940352
"1722",80099819,0.647713628136637
"1723",82309911,0.697751794212409
"1724",89339811,0.608940658924751
"1725",92359694,0.585674244085896
"1726",31269801,0.621962193351612
"1727",58039870,0.55042926305568
"1728",67659643,0.641542309870959
"1729",79919866,0.574539075844208
"1730",88019840,0.701470948640288
"1731",97279893,0.632697078183049
"1732",19039659,0.625900160971219
"1733",42939560,0.618170790404896
"1734",54339683,0.760048131210465
"1735",29519813,0.598986694129332
"1736",43429730,0.579502189081723
"1737",85399668,0.531641345216988
"1738",29629991,0.643789229505135
"1739",20919822,0.601745174082229
"1740",7639542,0.527952995290228
"1741",19899641,0.410266628378805
"1742",91939904,0.576279798653531
"1743",70759790,0.706853339708564
"1744",24259591,0.625602638705785
"1745",46279833,0.592210118785658
"1746",85639865,0.630673424835267
"1747",83299721,0.656930049233806
"1748",62719926,0.602169482240051
"1749",18239665,0.555372816055354
"1750",87119995,0.527559445686649
"1751",1049570,0.524679574218269
"1752",4779672,0.610322947643461
"1753",23959919,0.650087967571158
"1754",35199607,0.611872007997088
"1755",54639610,0.582938426283946
"1756",79069979,0.639316813901952
"1757",48209978,0.552343139739681
"1758",39409698,0.577018744714315
"1759",60589972,0.71213391755237
"1760",52469867,0.606881471731785
"1761",61999562,0.556908011394054
"1762",90909890,0.587067678541622
"1763",94079957,0.687114185944665
"1764",26389911,0.625787131763825
"1765",36279579,0.53504666388134
"1766",35909717,0.626141512967293
"1767",11999871,0.520510473965285
"1768",19349984,0.588975354697305
"1769",72029993,0.62520176609117
"1770",93199828,0.639847118262861
"1771",68289745,0.570167003586919
"1772",14559662,0.646033436618098
"1773",26249568,0.679753935440249
"1774",58279550,0.698488954968331
"1775",3759797,0.789685249010533
"1776",63329930,0.657369199854179
"1777",88659885,0.681924528187424
"1778",13719671,0.573240174568398
"1779",31929673,0.534441816965416
"1780",67569923,0.645593018506223
"1781",87319727,0.605745871728273
"1782",3809808,0.744539169445396
"1783",7589968,0.72382154586673
"1784",33489870,0.489555670167868
"1785",48669585,0.558438509761742
"1786",51669721,0.590776112729926
"1787",69389918,0.661154799540851
"1788",94079555,0.598827882818928
"1789",99069531,0.657729671300712
"1790",18259541,0.597987946316404
"1791",89999796,0.661720150704688
"1792",10149644,0.691860019732876
"1793",14719635,0.534077848588359
"1794",55059561,0.598142211192156
"1795",74179524,0.589514906816907
"1796",4809965,0.607608122839
"1797",28979791,0.562510841020156
"1798",6409834,0.458413711651717
"1799",16919581,0.567559913300732
"1800",28199766,0.601407087787792
"1801",39679584,0.654505509702627
"1802",12269588,0.664295244600658
"1803",39089617,0.55213708468568
"1804",42789967,0.651378261895192
"1805",51509611,0.761624345334813
"1806",68299523,0.698015282854474
"1807",90779667,0.642985951238192
"1808",94859847,0.66673849898528
"1809",83279866,0.631662533215396
"1810",10709970,0.673248617940258
"1811",35189958,0.724355747399396
"1812",38729898,0.669655720150526
"1813",63709996,0.654805826924614
"1814",76579907,0.624127545190165
"1815",93009725,0.686925984985533
"1816",95309925,0.713013132418332
"1817",96499842,0.537208906902611
"1818",99899820,0.561684499391321
"1819",21269988,0.537853336217824
"1820",24319961,0.563852007905345
"1821",52699569,0.567389855542798
"1822",56419772,0.616174813721256
"1823",61319998,0.558630856747929
"1824",64819730,0.624667873039991
"1825",67129945,0.698546810932069
"1826",85079513,0.68687708290451
"1827",91929619,0.625130057216906
"1828",20279661,0.63964014817578
"1829",30039992,0.611631617249306
"1830",76539937,0.673285310961896
"1831",42509936,0.666164502019198
"1832",11409631,0.577717855433447
"1833",7859980,0.581149624009657
"1834",40669781,0.72895084282681
"1835",29459730,0.556560584339031
"1836",28189760,0.656280878409804
"1837",36259820,0.509860452827425
"1838",60049963,0.624109266774603
"1839",77089884,0.68542871955101
"1840",78139938,0.635449053665464
"1841",1369576,0.584073922219569
"1842",22719992,0.632666551517077
"1843",24269853,0.728848450710156
"1844",46379873,0.672176467511189
"1845",26079897,0.56821379252135
"1846",50279938,0.700722554926996
"1847",80539880,0.64555503929891
"1848",86869834,0.503520148691708
"1849",62439913,0.658949640840645
"1850",61359967,0.779565819647364
"1851",21609771,0.704231973267387
"1852",16430000,0.602656151919651
"1853",19469766,0.812031382817788
"1854",38279998,0.602701595853066
"1855",15979510,0.614419337417931
"1856",26349578,0.739521834922034
"1857",45459835,0.511330953559098
"1858",59899635,0.61831601926839
"1859",53449605,0.688458366792085
"1860",58629981,0.629159347845378
"1861",64519986,0.547602452939215
"1862",66689534,0.710596160374243
"1863",28069592,0.58433818075712
"1864",30019658,0.6010532530327
"1865",58769773,0.639295565812303
"1866",70089938,0.798162269767592
"1867",57769613,0.661186769339313
"1868",77919579,0.600943744152787
"1869",47809660,0.75214941100347
"1870",26079516,0.431253922018013
"1871",13949603,0.57070743649695
"1872",83549543,0.779878839562734
"1873",24699548,0.612022506657783
"1874",15409904,0.678129058777258
"1875",67049638,0.59193219686404
"1876",34589796,0.59516263344736
"1877",45419827,0.575814278688872
"1878",18539776,0.617390221302598
"1879",35399615,0.561970244947047
"1880",33259651,0.525838882995059
"1881",45369949,0.612841271520178
"1882",38719830,0.546222844015179
"1883",56229619,0.660678993936262
"1884",61709633,0.502670025713548
"1885",4369949,0.616398906015821
"1886",30339969,0.711340345138956
"1887",22759817,0.623298154999452
"1888",27779548,0.61767171558253
"1889",96049681,0.600266312893931
"1890",77759601,0.538423353653489
"1891",14359520,0.777687867292881
"1892",22569636,0.737401880004236
"1893",20679895,0.580441247687207
"1894",60200000,0.522754313327134
"1895",66869557,0.653318347638805
"1896",9599639,0.713973645185664
"1897",99109783,0.653639842133353
