"","cust_id","promo_sensitivity"
"1",799924,0.58293649449024
"2",1889991,0.588101358042332
"3",2109544,0.637041070955347
"4",7629630,0.511526092151125
"5",7669833,0.539620977398004
"6",7739787,0.622744192078882
"7",8639635,0.730814730105245
"8",10329832,0.683979448756939
"9",11789884,0.708159648414415
"10",16739664,0.669192139037321
"11",16829885,0.655413136934589
"12",18409710,0.337478709680319
"13",18539540,0.553068545334001
"14",18909750,0.662292154142883
"15",21159716,0.645976522543652
"16",21579922,0.727567025347362
"17",24179544,0.726392715105454
"18",26499927,0.632047259677528
"19",26769899,0.657809372146442
"20",27999642,0.573489795443183
"21",28659946,0.443494989837308
"22",31879773,0.607913742323382
"23",37359574,0.727807266357852
"24",37449943,0.758603741279262
"25",37719816,0.305895975213937
"26",38479729,0.572557737695755
"27",38959697,0.525666933867876
"28",41459822,0.642295398026628
"29",41579936,0.416291448789319
"30",41709604,0.616316194685578
"31",41709665,0.569529213583859
"32",42469999,0.395089525404293
"33",43769997,0.548335866097172
"34",46619809,0.496195631943651
"35",47779590,0.664965077184771
"36",50759829,0.528152108112319
"37",51079908,0.578539080255659
"38",52039852,0.641752252126227
"39",53179975,0.405132442557092
"40",54069996,0.487700439092377
"41",55699764,0.516616801963711
"42",56659977,0.524337686942752
"43",56969964,0.584169582252483
"44",58159515,0.553930923833282
"45",59719949,0.786273202961184
"46",61279763,0.565551539496689
"47",62949989,0.615467344441932
"48",63039914,0.562542698891464
"49",64599801,0.597003979267439
"50",66789769,0.572299924032183
"51",68009981,0.61097893765969
"52",68299561,0.548377743467224
"53",72549599,0.535300760925887
"54",72729561,0.534002824983454
"55",74049890,0.606165600972205
"56",75339977,0.530724556327519
"57",78359952,0.46824300317624
"58",78669634,0.623262841654352
"59",79309672,0.586320076734265
"60",80159622,0.521406381988692
"61",81519841,0.562140839658199
"62",81879929,0.709577072800524
"63",82639994,0.610582760965285
"64",82799990,0.429777083339229
"65",84299911,0.647601924054995
"66",85149539,0.608857918649341
"67",87629985,0.744600226052013
"68",89729948,0.698916517552847
"69",89869811,0.469353905587035
"70",91139797,0.647653952335586
"71",93379871,0.568095926459849
"72",93789936,0.853351528735217
"73",97879953,0.536549470158005
"74",99439924,0.773455181072995
"75",2029760,0.732488241791253
"76",3549558,0.528366359598744
"77",4289603,0.466726982842712
"78",9089753,0.703228368691712
"79",10519992,0.660351018072418
"80",11879968,0.613757490688066
"81",13559676,0.578282544315168
"82",15310000,0.655050856803265
"83",15549888,0.639508625356399
"84",15819652,0.555177043136324
"85",15819895,0.775439886604471
"86",16329990,0.722606239430417
"87",20799654,0.691564135870494
"88",22179626,0.763844432699896
"89",23039531,0.350027025465546
"90",23259899,0.694792484878751
"91",24679862,0.522905174358669
"92",27929598,0.492336453644231
"93",30919926,0.568159814781033
"94",32289868,0.576857672322096
"95",34409978,0.611999594352968
"96",34549548,0.594653789704136
"97",35359972,0.525169091921181
"98",35699915,0.619318952611596
"99",36779796,0.649001110147327
"100",38889633,0.480674160697669
"101",39139826,0.57055476720068
"102",40029833,0.579333795938002
"103",41369994,0.488787202198738
"104",41979817,0.686829190389322
"105",44209904,0.445123311444001
"106",44419979,0.135712741729197
"107",45459951,0.643334934417542
"108",45849808,0.545256072321404
"109",46079888,0.548586067993253
"110",48819714,0.567582041696663
"111",49929918,0.5931291763303
"112",50639879,0.448807129791595
"113",50939655,0.582405494609792
"114",51169803,0.70089131861184
"115",51289528,0.512265525152435
"116",53229603,0.650403959154702
"117",54369934,0.624626795888871
"118",54729532,0.277642447233836
"119",55339615,0.59977966024937
"120",59869993,0.465092653957927
"121",60719983,0.587639357565791
"122",61209544,0.562492988238721
"123",70599860,0.534629787612459
"124",71179887,0.50718137559001
"125",72659597,0.686198979351685
"126",73159973,0.689342089265193
"127",73669554,0.627685454810758
"128",74429670,0.627954317466327
"129",76079817,0.665591510353838
"130",77329638,0.818222780103194
"131",80089813,0.60087738821464
"132",80369908,0.669555084318396
"133",80519632,0.574599606810398
"134",81679574,0.68622550790774
"135",81699634,0.663211987657132
"136",83109639,0.481712025202159
"137",86709958,0.61122671395987
"138",87729628,0.444904929049569
"139",89089557,0.290815583659351
"140",89229558,0.663552701166826
"141",90189703,0.519186666850719
"142",90619678,0.559653696655916
"143",91669577,0.533534879134295
"144",92069832,0.552510076225163
"145",93209985,0.425543529594476
"146",94389911,0.651346326316911
"147",94909934,0.452597699759202
"148",97339814,0.26465023779554
"149",99569634,0.653265369142704
"150",99899717,0.554874823043117
"151",329968,0.725436170120652
"152",1139738,0.578480543811124
"153",1279966,0.535579623520451
"154",15769920,0.487769250400167
"155",15979711,0.449032112604316
"156",21189832,0.701019504011728
"157",22119614,0.751672230611721
"158",22869555,0.269401132299473
"159",23669979,0.54278868801414
"160",29989718,0.497281791075123
"161",30699587,0.736190358137392
"162",31379599,0.668545105327452
"163",31419913,0.648521345933842
"164",34639975,0.699968419746606
"165",35489977,0.59408063548342
"166",37089659,0.595788968588253
"167",38559992,0.439825014394525
"168",38669905,0.565184219937196
"169",41539590,0.49490781301034
"170",42799553,0.419902492078568
"171",44599687,0.520400469503056
"172",50939995,0.565782216593276
"173",51939992,0.635378871755823
"174",52189993,0.622498499318367
"175",54929978,0.695123409392487
"176",54999909,0.410436176708975
"177",57399832,0.517148006947138
"178",58899766,0.497673203409821
"179",60619555,0.650871074811075
"180",65179986,0.471232398252102
"181",72759832,0.59745186904617
"182",75809949,0.570818182144775
"183",83589994,0.693917007473096
"184",85259753,0.559339202056572
"185",86509985,0.462265470343509
"186",96279994,0.655290243639589
"187",96749681,0.641910339531852
"188",96779944,0.564174242008547
"189",550000,0.589324797388084
"190",1999671,0.436756741968215
"191",6149849,0.530327631376362
"192",9489849,0.591814133510993
"193",10209992,0.561242555668139
"194",10669538,0.716378876502355
"195",10709961,0.27478540322026
"196",13969766,0.454550507109902
"197",15669814,0.587434135676175
"198",18869934,0.524645437545236
"199",19179512,0.502686500690633
"200",19909975,0.595726089847915
"201",21549599,0.41824430718842
"202",31079522,0.63595259472188
"203",31529975,0.704154547453155
"204",33169596,0.462372552260235
"205",37549523,0.390011095399069
"206",49359922,0.668462161625282
"207",59709872,0.601280083610114
"208",61389597,0.569722828285198
"209",64299942,0.538037665191966
"210",64859710,0.590036374724355
"211",65289989,0.530178713077272
"212",67089873,0.497864180235454
"213",70459591,0.743941811414248
"214",71329542,0.349174021256341
"215",71869923,0.379944071687487
"216",73129561,0.739297212941066
"217",73139771,0.722375990429357
"218",75269948,0.606185993764654
"219",77569887,0.317051368615422
"220",80969585,0.502240721281891
"221",82919813,0.739857475741127
"222",84909677,0.466120867477123
"223",85259620,0.703394563617019
"224",87479548,0.646601054346908
"225",88279616,0.706786884521005
"226",88439730,0.730784929243844
"227",89989551,0.61631477754099
"228",93919987,0.308947584023676
"229",94309610,0.743877354106527
"230",95799566,0.604749530184957
"231",96659926,0.424908166396438
"232",96829926,0.641055149648243
"233",98489918,0.650828260667238
"234",749556,0.879893010696368
"235",1459955,0.777154462518267
"236",2169803,0.63830951615988
"237",7569890,0.512486331420697
"238",11669833,0.788786100013701
"239",13129627,0.549278700227416
"240",13929992,0.339992037563875
"241",14509826,0.579073855629616
"242",18569576,0.701740919854755
"243",18900000,0.520760243146664
"244",21889600,0.551076643119898
"245",23479859,0.440317381799417
"246",23839751,0.444887530783216
"247",26589855,0.381874155219311
"248",26659928,0.591923450782614
"249",27809913,0.464093374483068
"250",28549996,0.53380101200391
"251",29989562,0.698882308813277
"252",32689582,0.447198792320447
"253",35119545,0.716458748236328
"254",36039996,0.695649020197352
"255",36829577,0.535420640763
"256",37259652,0.733693913446233
"257",37989556,0.394727213482168
"258",39669546,0.387406721654832
"259",42119554,0.590125761627594
"260",43519730,0.430625740615633
"261",45609976,0.631678358837401
"262",45959960,0.642641543951543
"263",48419623,0.59428820514927
"264",48549830,0.650367722605134
"265",49719951,0.478565785039957
"266",51789516,0.413620848167253
"267",54939899,0.630206498032281
"268",56679912,0.65854730127099
"269",56889552,0.298491433657029
"270",57549928,0.694044815242098
"271",59739753,0.721549095699365
"272",60879854,0.584583159312124
"273",61609986,0.488330412418084
"274",65139945,0.517099563455101
"275",66019821,0.579323423937017
"276",67459546,0.715298846162277
"277",71669903,0.605870602628885
"278",71819885,0.594589307374761
"279",74559817,0.526967053922281
"280",78339923,0.485356200452497
"281",78669648,0.522224404829638
"282",78789986,0.637626627567197
"283",81149779,0.602828117614605
"284",81239800,0.572321915570616
"285",81719591,0.502081764678603
"286",81769683,0.366883065124283
"287",82639687,0.611716369541139
"288",83579610,0.682237169466952
"289",83889926,0.637413153962402
"290",85909521,0.703255915145945
"291",86099615,0.482574030225726
"292",87609904,0.52302951312631
"293",89699524,0.494592722258224
"294",91079833,0.40317937210951
"295",92969652,0.553207186309879
"296",93979814,0.5369206678909
"297",95999982,0.370454638747173
"298",97149803,0.590599365970093
"299",97729819,0.54821608479119
"300",1179795,0.577589518078443
"301",2269534,0.669064559015062
"302",5069807,0.679133749753157
"303",7529982,0.72911018853869
"304",10229526,0.571797402829555
"305",10399953,0.49503251544725
"306",10569925,0.669718686228421
"307",11119662,0.470650028160177
"308",11319562,0.238131335026892
"309",12949792,0.645192636146031
"310",13689850,0.666940139771687
"311",15399932,0.729000405680211
"312",15659552,0.541965471779951
"313",17329573,0.514115590295151
"314",18079897,0.467922930694012
"315",18609600,0.617302915319289
"316",20429899,0.510993821259386
"317",23319645,0.635140223705595
"318",23319833,0.752915183664927
"319",23339994,0.65425003354039
"320",23929953,0.517135870162412
"321",25129731,0.389008692579541
"322",25399559,0.611931557527385
"323",25509648,0.70676732510828
"324",27009537,0.546410488401829
"325",31139798,0.450563617514313
"326",31929809,0.537841494608086
"327",32779934,0.658244282293626
"328",33269822,0.583697591888173
"329",35019716,0.654361861317705
"330",39729982,0.734834971239008
"331",39769980,0.561779537159641
"332",41029517,0.443526395594548
"333",44629969,0.537372907302741
"334",45649777,0.547741741880724
"335",45729762,0.664128690190216
"336",46109997,0.62312292770182
"337",46539981,0.613235972878717
"338",48109806,0.540693726652207
"339",49929593,0.730274244544082
"340",50199580,0.612961651070913
"341",52309908,0.623345869105001
"342",52499843,0.609300397172019
"343",52909570,0.755776111143531
"344",53249609,0.575722914837253
"345",53529975,0.635945947435542
"346",58199923,0.563356959855435
"347",61869951,0.453463050639359
"348",63019938,0.773432732791709
"349",63049872,0.595310016222517
"350",66239536,0.648093176948937
"351",68169950,0.640373554582368
"352",71509893,0.52749255975115
"353",72399600,0.529165315913183
"354",72629858,0.673488375889932
"355",73159551,0.348341585421214
"356",79439981,0.383869843310674
"357",79819893,0.607992027278143
"358",80179655,0.598466444436352
"359",82459905,0.514336725844505
"360",83149812,0.652678842728835
"361",83919699,0.541456572454647
"362",84079807,0.513808940984588
"363",84659856,0.697330698713276
"364",84789919,0.289512808540997
"365",85019945,0.590389574667047
"366",85419731,0.648424978629618
"367",87489993,0.717828866146367
"368",88019604,0.570562581224992
"369",91169716,0.599889016130354
"370",92359906,0.475598155195774
"371",94019927,0.549634299533582
"372",94499650,0.565730750036008
"373",94999586,0.506071807507845
"374",96679586,0.57751687536653
"375",99119952,0.592408536258437
"376",99229897,0.730300850861547
"377",2209804,0.510865446221218
"378",2629968,0.574474123457251
"379",2809801,0.49370543592002
"380",3189829,0.63208462502622
"381",3689897,0.650410819423535
"382",4139823,0.728359265715051
"383",4589623,0.490850677597132
"384",4899809,0.65549415877976
"385",5019544,0.705177441688087
"386",5929637,0.528194354869133
"387",6599812,0.585922439395874
"388",7119528,0.667026162561341
"389",7249820,0.508095628822233
"390",8329796,0.606020357094609
"391",9019954,0.655148140517133
"392",9939955,0.719300582461403
"393",10769796,0.549032596527265
"394",10859698,0.593405729907219
"395",11019926,0.674966940452816
"396",12919740,0.486990258574722
"397",14649887,0.601714158889815
"398",14749832,0.618287600823864
"399",15259989,0.730235502458476
"400",15759884,0.660020599762798
"401",16269610,0.641644255259859
"402",16359924,0.584499767497241
"403",16869990,0.533368551220105
"404",16909799,0.714687176044558
"405",17219697,0.65527378761511
"406",17459925,0.754295710096891
"407",17829579,0.788130679236193
"408",17849812,0.717036034407988
"409",17919811,0.547693858234238
"410",18219749,0.665888841385329
"411",19379606,0.469636827092428
"412",19789898,0.644944066742912
"413",20379814,0.516778092060568
"414",20899797,0.469935734002767
"415",21429902,0.616880822053453
"416",22029987,0.564961406488325
"417",22129546,0.538157707759967
"418",22519587,0.486417897096165
"419",24069956,0.523879807189139
"420",25069822,0.586362267538779
"421",25179810,0.549609974951835
"422",25439651,0.570147822501834
"423",25899797,0.755918473278373
"424",26949543,0.584744777436513
"425",28389996,0.483787032708901
"426",28499876,0.52626137473917
"427",28779832,0.690669084352248
"428",30039834,0.4106598639802
"429",30869611,0.49628152711785
"430",32539994,0.615301167106401
"431",32559820,0.453164608227744
"432",33249934,0.649847082961442
"433",33289930,0.629551174066914
"434",33989662,0.727956022638102
"435",34629641,0.565097403748824
"436",35199715,0.522067113509496
"437",37099551,0.730543315017657
"438",38199808,0.60809006503117
"439",38269966,0.819257917999533
"440",38369823,0.637508624761591
"441",40239915,0.579500286456735
"442",40349905,0.452442591001796
"443",40549931,0.589063026193874
"444",41739754,0.599179969719882
"445",43129969,0.47868448345038
"446",43509764,0.509026294132808
"447",44009605,0.599665742929307
"448",44379899,0.730199759610064
"449",44769894,0.771833311158988
"450",45559604,0.612519799221524
"451",46079514,0.525949993463588
"452",46249668,0.673858703798166
"453",46539873,0.592492893498732
"454",47739935,0.61026272988276
"455",48929881,0.503890099475054
"456",49709559,0.7359103087148
"457",49969707,0.669168605523514
"458",50759569,0.656117692233526
"459",52589819,0.557920471038979
"460",52829828,0.546783127648924
"461",53629714,0.639348021574137
"462",54079758,0.50329774112871
"463",54489828,0.558656638591261
"464",55259950,0.55364961836045
"465",55289819,0.637318149077735
"466",56629813,0.671004739821535
"467",56669670,0.563468015440292
"468",56679721,0.632249435805334
"469",56929728,0.63126847647331
"470",57449541,0.64022634978522
"471",57779734,0.536273381055061
"472",59389751,0.545523170414296
"473",59639676,0.592362084597584
"474",60559643,0.655959727693853
"475",60749938,0.635043728964007
"476",60769795,0.646068102526215
"477",61019724,0.475218735654627
"478",61759984,0.406525775102026
"479",62129717,0.524118093395151
"480",63019856,0.447911385674004
"481",63199955,0.428668924174111
"482",63649948,0.584434161307021
"483",63809842,0.774670486050207
"484",66569958,0.692730709779002
"485",66939745,0.316620736210448
"486",67089984,0.675278068589638
"487",67509816,0.367270950982097
"488",68479723,0.649197723203141
"489",70059863,0.476383957006156
"490",70309838,0.601273939613585
"491",70339834,0.484451284512824
"492",71809833,0.620136457217325
"493",71909986,0.531226789668716
"494",72279819,0.555526305374843
"495",72369948,0.620300105765322
"496",72379577,0.509603670702384
"497",72799724,0.65642655878462
"498",72849610,0.416632724792005
"499",73119924,0.660808328074729
"500",73139910,0.546429306659545
"501",73189683,0.566784682906425
"502",73189903,0.635647129087552
"503",73249656,0.679903166814623
"504",73259941,0.663752567471996
"505",73369631,0.401276607287409
"506",73559939,0.671537405325798
"507",73569895,0.738728568293535
"508",75129816,0.704932051430981
"509",75669812,0.675383535941246
"510",75929995,0.444459601723614
"511",75979514,0.427780316333573
"512",75979969,0.637739034218339
"513",76279966,0.757252854672066
"514",76579825,0.683435445500533
"515",76959946,0.543467287926943
"516",77259975,0.541793245863711
"517",77649985,0.490658720968572
"518",77879866,0.569392607006707
"519",78839724,0.642273134574605
"520",78989819,0.575250981258708
"521",79259680,0.563550844023879
"522",79519516,0.415738177112662
"523",79799813,0.63561588297916
"524",79889606,0.387224155966172
"525",80209969,0.518471790255212
"526",80439521,0.644825801176492
"527",81749948,0.589128422835641
"528",82569822,0.65282835332078
"529",84969976,0.30550536279929
"530",85099835,0.390875414698412
"531",86219926,0.603751614212123
"532",86349736,0.416304557562074
"533",86799985,0.64903014990632
"534",87739997,0.603164952083994
"535",87959993,0.715477474929216
"536",88559800,0.425135589030626
"537",89529739,0.481080357371911
"538",91499539,0.448074684754393
"539",91859522,0.470246008569043
"540",91859585,0.299830586148955
"541",92809817,0.545446728915474
"542",92869591,0.575263550066203
"543",95389989,0.51453626465824
"544",95489949,0.525313443647477
"545",96349924,0.656054385953793
"546",96559580,0.690214327814483
"547",96779824,0.567196856504452
"548",98469905,0.55106388996165
"549",98629946,0.571716434650177
"550",98629985,0.628074678500248
"551",99699822,0.676833292947368
"552",1589813,0.606617044290315
"553",3239920,0.543936454855435
"554",4219822,0.597348636166608
"555",4759939,0.705738333713855
"556",5209899,0.525307573041159
"557",6529522,0.387300821585454
"558",7109918,0.564494704726128
"559",7319748,0.482183272325839
"560",7500000,0.65475410827498
"561",7519976,0.66287963594928
"562",7989981,0.720094361740116
"563",8489894,0.652273321737178
"564",9969898,0.449698350307987
"565",10119936,0.533931913967307
"566",12189899,0.703235777715364
"567",12559813,0.414454897232199
"568",13189706,0.546067818565982
"569",13669829,0.755508430146847
"570",13929537,0.599771007681684
"571",16129896,0.405860416970211
"572",16329840,0.165154391444884
"573",16429753,0.428918216022584
"574",17189675,0.506167435695894
"575",19339540,0.658063224573337
"576",20539890,0.223786459547353
"577",21489560,0.647658668423036
"578",21619611,0.704226214994203
"579",25579896,0.572590536195022
"580",26739689,0.571620435486399
"581",29779920,0.659919907238601
"582",30919566,0.66319034498935
"583",31429680,0.690450938119436
"584",32439773,0.569495173417923
"585",33029710,0.54594847898439
"586",33119644,0.658323725785395
"587",34179982,0.731317101693939
"588",34609961,0.734289130808823
"589",35239958,0.781789556107754
"590",35909909,0.768923957972066
"591",37079576,0.573915077489168
"592",38209579,0.681743041646768
"593",38339836,0.643516533942753
"594",38539649,0.597980697973141
"595",38729807,0.378586766900009
"596",39499797,0.6776641695076
"597",39849975,0.474201820328349
"598",41889912,0.63376807563837
"599",44969803,0.620044069977729
"600",45729602,0.551365671474258
"601",46069693,0.540452589774293
"602",46169874,0.654211134376703
"603",47889961,0.597740701988261
"604",48909989,0.553483240853754
"605",49829757,0.538370715116254
"606",52109908,0.610133831058793
"607",53229965,0.699974901092248
"608",53369610,0.417337027141324
"609",54049864,0.436850120359267
"610",54969865,0.690323535776517
"611",57289543,0.48320261745803
"612",59089608,0.764447877087828
"613",59359786,0.551347089675645
"614",59769826,0.679528565361075
"615",60009847,0.517306185671774
"616",63139548,0.691973862811204
"617",64069935,0.585469051091213
"618",64099775,0.500149531556643
"619",64609833,0.69074543344626
"620",64829730,0.517826532866721
"621",65389934,0.488906161681818
"622",65489581,0.680889747261865
"623",65719947,0.700004277418157
"624",66219731,0.583620792054007
"625",66239864,0.690919144213446
"626",66959841,0.596424451305843
"627",67039605,0.429508299652723
"628",67119753,0.391653080496946
"629",67559548,0.563602135964967
"630",68069545,0.350951831193835
"631",68859924,0.642166499543765
"632",71149962,0.623418964325847
"633",72999968,0.648737115546527
"634",73049516,0.562043164076146
"635",73069709,0.542835287799033
"636",73859929,0.455367438382649
"637",74489998,0.448492877912347
"638",74789979,0.59531678837609
"639",75239975,0.553030045394399
"640",75319661,0.564845553348992
"641",75719956,0.664510705125413
"642",76579556,0.61593772899971
"643",77289542,0.410806684789823
"644",78039536,0.632287426702126
"645",78669628,0.532304957674956
"646",79809829,0.713977279825587
"647",80039814,0.694289455931988
"648",80269990,0.482000823316267
"649",80569915,0.682719706082866
"650",81269578,0.627906762404896
"651",82719851,0.522572002452883
"652",83779599,0.513414555091501
"653",84509815,0.794476057399907
"654",85739994,0.772916030812329
"655",88589894,0.577870855105302
"656",88959959,0.691860133017894
"657",89289948,0.38726454313137
"658",89929931,0.605713989358751
"659",90029545,0.482958065793145
"660",90599963,0.602966486332987
"661",90959548,0.519167498220416
"662",91809811,0.373435628080985
"663",92039545,0.692671206014266
"664",92039648,0.554646159910866
"665",92299950,0.451310642606397
"666",92609582,0.500151131112136
"667",92949974,0.547463751432815
"668",93439979,0.679124403148434
"669",94049559,0.647948563284886
"670",94789789,0.440955821967432
"671",95179832,0.674678338278549
"672",95959691,0.603457490102742
"673",99519944,0.686213051814775
"674",769883,0.56670181131867
"675",2049977,0.609633406467479
"676",9969956,0.685997371637232
"677",15059832,0.545886971903937
"678",17419553,0.436621259933446
"679",19379779,0.397933659144357
"680",22939921,0.527407327536637
"681",24149601,0.581886308490542
"682",25429594,0.629841257753978
"683",26059833,0.535815023262303
"684",26289768,0.649468837535238
"685",26329982,0.55830631419924
"686",28029571,0.39954808737582
"687",29819913,0.625190309276037
"688",32679614,0.702835685395237
"689",36339672,0.553577249026365
"690",37489965,0.585454606391035
"691",39489900,0.485344159446325
"692",48739827,0.523632178217822
"693",51499926,0.527036150705649
"694",53849651,0.602199471660641
"695",54279893,0.806034906534988
"696",57669579,0.618110327961383
"697",64119580,0.552285564372234
"698",68149871,0.744819144728694
"699",68839813,0.65619646325103
"700",69919596,0.759482998287911
"701",70679598,0.597802379338677
"702",72549944,0.483476008750311
"703",74699977,0.600826954239974
"704",79139995,0.63380474353856
"705",85769568,0.582074207000878
"706",86189590,0.705855041835467
"707",89359731,0.617783302938186
"708",89399823,0.580429742408024
"709",91219977,0.624544560139261
"710",92629572,0.499037142661039
"711",94339923,0.675353648625886
"712",99569937,0.595813193106271
"713",559804,0.704620218548767
"714",5089853,0.518205138851255
"715",6799994,0.396862349754236
"716",7299831,0.557549021712439
"717",8399540,0.28796264600041
"718",9169797,0.614777720993011
"719",10749600,0.559536417880856
"720",12389800,0.6146789027275
"721",15009613,0.518118683820732
"722",15419711,0.464972447460831
"723",16209847,0.450376419145977
"724",17349753,0.39770773078389
"725",18069947,0.560389069371422
"726",19119914,0.603160330212686
"727",21859540,0.474846200319309
"728",22929627,0.643564659821473
"729",24039560,0.617797258311376
"730",27799769,0.646132206720595
"731",31039819,0.594005901353568
"732",32239659,0.721031794431576
"733",34629733,0.516666266188737
"734",34709739,0.690301363989178
"735",36269591,0.528422533641439
"736",37169928,0.667983238596135
"737",40169835,0.645461780769212
"738",40889581,0.398683347428834
"739",41469905,0.577865143800406
"740",42469797,0.365269744671132
"741",44699537,0.435552259009335
"742",44709994,0.61047705699023
"743",46159619,0.577820963798721
"744",47389671,0.683391437199171
"745",48339829,0.711084015883641
"746",50029548,0.395006805988631
"747",50389832,0.658998855047381
"748",50509899,0.648930570546076
"749",53869803,0.445745620996634
"750",56009954,0.634155997840213
"751",56779976,0.614201865945701
"752",58989946,0.548739368825961
"753",60609935,0.529186356922347
"754",62019817,0.742404052746228
"755",63579822,0.642948658134201
"756",63929565,0.8198753469736
"757",65289953,0.737771145706434
"758",65949616,0.543284789152842
"759",66699998,0.483410067202755
"760",67829997,0.682002044713715
"761",68909835,0.610792845891456
"762",70319955,0.58621583322903
"763",71269983,0.607401254847291
"764",73449706,0.490816992906831
"765",74909637,0.633826822176192
"766",75689897,0.672430205824062
"767",76429997,0.674058041359265
"768",80069965,0.623012951660427
"769",81159947,0.701906607110216
"770",81309650,0.700186872991845
"771",82309982,0.615571178709779
"772",82399950,0.512968665950986
"773",84289802,0.585693181307052
"774",87219981,0.577475317602849
"775",88639546,0.462994417068161
"776",88689910,0.535024250958334
"777",89129663,0.62449309953377
"778",90999657,0.625987280170499
"779",92159812,0.571794756676038
"780",92889644,0.524822324019629
"781",93489800,0.421831070595707
"782",93929673,0.509581546175892
"783",95409578,0.429820674759573
"784",3299585,0.546253880379375
"785",4139886,0.691611139416492
"786",5369881,0.426104748330652
"787",10679950,0.537779271752709
"788",12299631,0.649323555700495
"789",13679928,0.464926949676779
"790",14259755,0.651811529759344
"791",15499629,0.712138866196439
"792",17329814,0.605121322348148
"793",19769843,0.432466892096151
"794",19879521,0.504690564033628
"795",20959540,0.41950128502228
"796",21319608,0.500466435970338
"797",24609776,0.318279893336918
"798",24939852,0.579085280207352
"799",25759967,0.487646707972875
"800",28149981,0.758825301776033
"801",30769971,0.720412440295101
"802",32469998,0.610781124905936
"803",32699523,0.466588885058206
"804",32929755,0.705145965023128
"805",34409832,0.513920361693447
"806",36139969,0.62469125248643
"807",37889608,0.687192110400807
"808",40439944,0.608309594002868
"809",42609554,0.507037508359671
"810",42659898,0.494569690570411
"811",43209587,0.635386955228777
"812",44029996,0.521261167079283
"813",44159991,0.65352928892266
"814",47009769,0.689672197440689
"815",47519827,0.701322450750291
"816",48119832,0.517503023851965
"817",53349544,0.346262271023063
"818",55469918,0.682804305330156
"819",56209977,0.625182499264937
"820",59599598,0.519762214597852
"821",59649884,0.675199503207794
"822",63369805,0.588597058034598
"823",65519932,0.499717396421634
"824",69679884,0.539179694688798
"825",69909540,0.48038877061035
"826",70329992,0.453708616339284
"827",75469954,0.627359178073837
"828",79899874,0.437798742573265
"829",80169689,0.543514058164633
"830",80499576,0.251217672496397
"831",81429816,0.622638808142071
"832",85949697,0.569413989176101
"833",87589819,0.451708622762053
"834",87839536,0.528582176793906
"835",87969985,0.606699974665957
"836",91399816,0.611710567107251
"837",93069776,0.629495549630861
"838",93529776,0.578703526102548
"839",93899938,0.549323643766763
"840",609881,0.296067140559599
"841",3489829,0.550763104583225
"842",11769881,0.550718630919733
"843",14079512,0.578591881147777
"844",15149959,0.447469265902073
"845",17099785,0.385621056875224
"846",18229557,0.689366582964448
"847",19609746,0.527983903629755
"848",25619583,0.557888742385715
"849",26039563,0.699392308738668
"850",26159683,0.786351887318957
"851",29089643,0.607185662616335
"852",31889833,0.75122745044221
"853",39929975,0.698070299685908
"854",45089974,0.675770982061718
"855",45519981,0.530479844023722
"856",54199733,0.524078318933553
"857",54459976,0.54629800871625
"858",59499720,0.657473650339542
"859",62139531,0.646241659797195
"860",70019570,0.633754348335703
"861",78619916,0.532898840661688
"862",79999656,0.559167621304069
"863",83019932,0.275727855475145
"864",83519590,0.68263019293397
"865",84439900,0.595236590305568
"866",93349625,0.681560673723319
"867",93819972,0.518162314113435
"868",96509803,0.773781722967076
"869",97339976,0.629001721519937
"870",39856,0.683879936525173
"871",1539803,0.690821459050363
"872",1979644,0.622638962161236
"873",2589576,0.6521372339975
"874",3239931,0.574022166005782
"875",3409832,0.762922483656071
"876",3509691,0.534279849120555
"877",3979821,0.582744604123995
"878",4319967,0.425981483484388
"879",4459951,0.701677332852288
"880",5039834,0.553003268488405
"881",5059954,0.644785070093848
"882",5749887,0.684717856611909
"883",6139888,0.716395044543865
"884",6629718,0.412344687205649
"885",6739641,0.335061902171732
"886",6909998,0.5209447129361
"887",7879516,0.553295826305473
"888",7889790,0.33065482451287
"889",8279980,0.504874672815566
"890",9519528,0.485112123843684
"891",10119835,0.731971448714268
"892",11199831,0.390196718905921
"893",11609822,0.612112593456371
"894",12709994,0.523588697917227
"895",14179738,0.651852915947624
"896",14639599,0.483635450392004
"897",15109873,0.594580200401257
"898",15529995,0.545294620918346
"899",16249638,0.692193102626553
"900",16339676,0.598076829127011
"901",16779934,0.514666100951521
"902",16879828,0.57461480285881
"903",17049579,0.439897645204867
"904",17929584,0.511945351020401
"905",19109770,0.403787096602794
"906",19449799,0.306807744907707
"907",19849674,0.647154883575476
"908",21729808,0.552015137379124
"909",22499552,0.47870284231364
"910",22849582,0.705842955912226
"911",23649756,0.552359301414669
"912",24039818,0.647167460829559
"913",24589655,0.538286423675035
"914",24719817,0.554081058279714
"915",25249953,0.59981922951652
"916",25669531,0.575701015581856
"917",26019953,0.528391088940408
"918",26159689,0.70359553094305
"919",27379831,0.578617626684193
"920",27449746,0.572297550711062
"921",27969633,0.114868762915039
"922",27989838,0.482560824022502
"923",28589626,0.441077083841256
"924",28979677,0.526692695380527
"925",29329834,0.599501896561213
"926",29649742,0.573748303264965
"927",30739938,0.484156230350337
"928",30869590,0.69287614891702
"929",31009635,0.449106252324045
"930",31119827,0.500253228913153
"931",31739724,0.4531865961409
"932",32489834,0.519256673194291
"933",32489866,0.511074060213559
"934",32869808,0.599819091495176
"935",33309653,0.412327601900519
"936",33419626,0.677929481780585
"937",34519809,0.612064041862914
"938",35079602,0.557375054261139
"939",35499946,0.604066769654699
"940",36369965,0.540798672902542
"941",38679713,0.531161033100503
"942",39249767,0.628143208450594
"943",39269851,0.547829234383526
"944",39279924,0.691240690231412
"945",40549840,0.802689307000308
"946",41519646,0.372800667569785
"947",42559965,0.596171139331335
"948",44279584,0.488888832237323
"949",45719537,0.446891058883643
"950",45809866,0.564825798740224
"951",46319846,0.609000734264998
"952",46959980,0.34080787511159
"953",48179755,0.52394448995465
"954",48429907,0.673159055937737
"955",48489598,0.49174113559383
"956",49559641,0.622756896312569
"957",50639616,0.652632796402815
"958",50669657,0.549411055136839
"959",51149746,0.407453704138981
"960",51199835,0.575751991138904
"961",51849807,0.629086944921111
"962",52279824,0.669140396551028
"963",54589520,0.515319712976038
"964",54949636,0.574229054450437
"965",55919816,0.599881264533137
"966",56569927,0.760065731556143
"967",56669958,0.589338020744697
"968",56839870,0.484203605437911
"969",58199854,0.556380283276804
"970",58959780,0.643354087144179
"971",59599958,0.615063343975808
"972",59909971,0.470094142491541
"973",59979982,0.72014792854454
"974",60039707,0.645872820242799
"975",60329807,0.573452541503375
"976",60679980,0.674164755756233
"977",60749585,0.133171495167252
"978",61659986,0.752333637585588
"979",62799731,0.653426697201017
"980",63609837,0.401988816611485
"981",64049949,0.669129870553832
"982",64799525,0.440369019001796
"983",64979914,0.679708580366255
"984",65029545,0.648900763476228
"985",65029956,0.531092776391576
"986",65369922,0.523051113149479
"987",66379971,0.696845927102851
"988",67109912,0.613071921367252
"989",67139912,0.471440293446064
"990",67319647,0.56351292126457
"991",67709946,0.235949002794518
"992",68239997,0.750136966426061
"993",68489597,0.303034722067974
"994",69009686,0.478447395401872
"995",69179948,0.461440396967648
"996",70589922,0.657687153741665
"997",70869780,0.567440559609297
"998",72609891,0.709209316030807
"999",72709931,0.628355120207425
"1000",73649581,0.56513266765757
"1001",73929558,0.259197653931349
"1002",73939814,0.571397440759764
"1003",74249611,0.695544187662961
"1004",74469991,0.755398529275259
"1005",76099948,0.718298950045604
"1006",77089808,0.662783183122589
"1007",77839901,0.692781853501274
"1008",78279826,0.583212251683929
"1009",78919580,0.673427209137494
"1010",79139509,0.364145164699148
"1011",79479948,0.642334878644695
"1012",79869845,0.678209963122838
"1013",80539808,0.650506235073546
"1014",80769887,0.544958718521063
"1015",80899687,0.608388757493436
"1016",81219581,0.484307370953496
"1017",82599846,0.462324830075846
"1018",82669849,0.716213250689117
"1019",82849654,0.618157803324751
"1020",83549946,0.621800078632572
"1021",83869839,0.613580448597909
"1022",84089627,0.618047606364461
"1023",84379915,0.610106124000446
"1024",84519978,0.274169728770116
"1025",85399739,0.635626111748286
"1026",85489814,0.659210526754024
"1027",85619808,0.362873405791108
"1028",87279899,0.650410634526615
"1029",87379789,0.395421479198396
"1030",87459819,0.696660242762652
"1031",88149930,0.725888410715291
"1032",89439828,0.608128201671576
"1033",89529591,0.788494189444858
"1034",89959808,0.575782484294084
"1035",90709724,0.747748951338506
"1036",91219819,0.631999895641577
"1037",91219895,0.452890378548131
"1038",91649925,0.503779264184506
"1039",92139922,0.431121305185782
"1040",93589979,0.851282781626058
"1041",93869930,0.523999370950274
"1042",93909955,0.369562767347955
"1043",94229986,0.442671648656756
"1044",94569799,0.524316977943578
"1045",95059556,0.39814637842597
"1046",95239946,0.653563984958006
"1047",95309674,0.700747009625304
"1048",95499970,0.781149575910945
"1049",96189548,0.485638039718878
"1050",96769555,0.57443153067789
"1051",96769578,0.481332274521623
"1052",96829565,0.677526908588622
"1053",97179990,0.647844928799229
"1054",97469953,0.512426402529109
"1055",98379608,0.437446334802454
"1056",99939955,0.619835137845779
"1057",1329967,0.330851478659787
"1058",3029520,0.650648183231962
"1059",6599998,0.484392564113059
"1060",16239779,0.46821242911253
"1061",21239863,0.47539226213224
"1062",25759842,0.674906206639663
"1063",35629782,0.536998070574039
"1064",36599872,0.589659919386896
"1065",42809735,0.51231030907941
"1066",48669992,0.654713684689516
"1067",54949540,0.529479730531797
"1068",61919896,0.763595464352798
"1069",62829619,0.742654172805007
"1070",63509900,0.609518382817216
"1071",66439704,0.373547876802949
"1072",66579988,0.61660376966096
"1073",66779592,0.724746886804572
"1074",67229965,0.587551381452742
"1075",67799575,0.372424409969235
"1076",68599655,0.552239533425598
"1077",77609665,0.50897718946932
"1078",80479816,0.536117207488325
"1079",82799808,0.695521747326813
"1080",84149561,0.486610916708479
"1081",91789971,0.289487997800041
"1082",97009573,0.579814326443028
"1083",99149833,0.388791006104289
"1084",99869771,0.564870678442472
"1085",2969695,0.399640672075422
"1086",4729534,0.598690428446111
"1087",6149942,0.735060727918999
"1088",7919932,0.623860622354411
"1089",9019561,0.447796624201037
"1090",11889976,0.371849912706021
"1091",13319547,0.470047425312169
"1092",13479847,0.387445613401358
"1093",15549904,0.593884522144922
"1094",15739825,0.581358413554971
"1095",17339939,0.814531995703216
"1096",18859893,0.363438702863733
"1097",19359578,0.538833061686597
"1098",20009976,0.701036820342277
"1099",20179636,0.727890435800498
"1100",20219866,0.597508200624346
"1101",30379793,0.697539600516889
"1102",31069959,0.571302843260179
"1103",32669761,0.503432385118553
"1104",33099906,0.455386463544441
"1105",37129841,0.593309637184771
"1106",37809904,0.72644070082931
"1107",44699716,0.56745588357044
"1108",44879963,0.714874566077613
"1109",45079933,0.549044390067958
"1110",45289949,0.679107019717521
"1111",45519715,0.586892746862874
"1112",47189724,0.430275656293119
"1113",48029974,0.768023440396297
"1114",49299583,0.436574629075083
"1115",51619805,0.619943193486453
"1116",52559517,0.427484705397704
"1117",54329919,0.548558015242604
"1118",54339975,0.585317388522328
"1119",55139982,0.317331434671923
"1120",56989607,0.684287197140516
"1121",57019943,0.578894528915596
"1122",57229509,0.419588340095107
"1123",58919615,0.571244873171326
"1124",59719854,0.549317385068617
"1125",62409736,0.585285069422126
"1126",64079828,0.66557479008752
"1127",64699907,0.415885833263713
"1128",65039971,0.568928121851612
"1129",69909898,0.449814638373944
"1130",71399913,0.646396974881168
"1131",77629838,0.718816838230658
"1132",78099516,0.337608435488444
"1133",79289768,0.61574375264801
"1134",81279937,0.530356051492681
"1135",82049535,0.486331408598782
"1136",89199579,0.52739293586543
"1137",89299629,0.607665944031644
"1138",89739990,0.433845669219363
"1139",90299538,0.317989402955051
"1140",90889526,0.439677087904987
"1141",96339836,0.442486783236925
"1142",97639569,0.517123657409593
"1143",97729823,0.44429335708935
"1144",98679988,0.690149562651077
"1145",339627,0.706801390579209
"1146",11559947,0.395485690349
"1147",12689530,0.48231678732823
"1148",13949935,0.432258292985006
"1149",19489870,0.591087293024852
"1150",24099604,0.805542346863487
"1151",28339832,0.596375350957082
"1152",30969620,0.761528481888169
"1153",31079582,0.443064132057578
"1154",31479538,0.486845475078393
"1155",33329832,0.650854760802791
"1156",33699866,0.37823405594764
"1157",40959631,0.707485975886995
"1158",42539880,0.548445482350101
"1159",44829828,0.648458415280621
"1160",46489831,0.602822993436317
"1161",46769985,0.632566156168567
"1162",47659578,0.601367086678192
"1163",48249965,0.68182277101165
"1164",48549881,0.514593581085736
"1165",48619969,0.567702343253017
"1166",49159711,0.750807884829352
"1167",49579835,0.734843607140872
"1168",50779606,0.4098340702014
"1169",53179532,0.447215901701149
"1170",57599576,0.624921203740465
"1171",59619819,0.67070369354632
"1172",60629976,0.766429429873491
"1173",63159673,0.633704321126136
"1174",63539889,0.70944140693308
"1175",63899694,0.601462615168989
"1176",64019655,0.79886615410632
"1177",65509546,0.547936807691283
"1178",67309958,0.653505769922666
"1179",70949630,0.560162489553311
"1180",73319677,0.459723812139365
"1181",74959935,0.413275948213866
"1182",77539710,0.581480308022423
"1183",77889863,0.422202274706161
"1184",77939826,0.539286728398365
"1185",78819563,0.559645560537496
"1186",79409981,0.46853937863028
"1187",80509648,0.616121182559907
"1188",81689633,0.486047204820255
"1189",82669531,0.639964845940584
"1190",83999556,0.481343873073961
"1191",86199730,0.683130504035183
"1192",86539546,0.712648672254887
"1193",86909534,0.315777986011998
"1194",88939693,0.641390048576091
"1195",93409897,0.633593501904433
"1196",96909541,0.527800206808309
"1197",97309834,0.430947874974912
"1198",98209999,0.398456769740654
"1199",99599996,0.68464650245424
"1200",29568,0.605146669150249
"1201",4559994,0.34573399150927
"1202",21079546,0.645361176575334
"1203",32739623,0.467402846257376
"1204",34259807,0.613595664283003
"1205",40099958,0.456332894041223
"1206",45769973,0.590222773751799
"1207",61109732,0.479938473389431
"1208",61549555,0.409667240133811
"1209",83239808,0.671174516477277
"1210",94159608,0.594322342305972
"1211",14379939,0.766406895898019
"1212",29079953,0.405427551800926
"1213",32989638,0.741035582224627
"1214",35879867,0.501949948960398
"1215",43249812,0.344632276275718
"1216",44989801,0.613882915585392
"1217",47029730,0.53817175350814
"1218",55329632,0.382650410821007
"1219",68509954,0.609619695232061
"1220",81149908,0.713865880269286
"1221",89869626,0.673919745735285
"1222",94859825,0.681071647307568
"1223",29909,0.673689897990482
"1224",4689635,0.507061686304426
"1225",7189760,0.654733992796424
"1226",9949803,0.566704693013676
"1227",13099817,0.686210477143487
"1228",21359556,0.380117807688391
"1229",39679904,0.56680944165205
"1230",41939652,0.625962097648174
"1231",46139864,0.496130960951388
"1232",46869541,0.437144351226606
"1233",54839800,0.533450439399547
"1234",54989628,0.355822798561085
"1235",57069655,0.409302419675229
"1236",67009556,0.629240239957034
"1237",71679855,0.496408417764761
"1238",76369975,0.648885618656125
"1239",84059998,0.577889605208573
"1240",87279960,0.51053386271863
"1241",90229683,0.648311791753553
"1242",91119824,0.663525988683675
"1243",92129893,0.614964818073844
"1244",95859578,0.489350174210065
"1245",709543,0.632842235584434
"1246",3689815,0.60716494697476
"1247",4149898,0.651606630650285
"1248",18019542,0.589460153230182
"1249",27039629,0.711208513491688
"1250",34399626,0.442500199861006
"1251",42659994,0.411551470652046
"1252",43919990,0.608319600946249
"1253",44809845,0.367901626802189
"1254",57949815,0.624214706133072
"1255",59509843,0.502139034559232
"1256",66459985,0.504698953613173
"1257",72419745,0.531206496663321
"1258",75709600,0.452059488004961
"1259",78339527,0.161177500607886
"1260",91719646,0.658729104830052
"1261",93059555,0.638390202823235
"1262",94479963,0.16544674757224
"1263",749639,0.550390306060689
"1264",2009974,0.592507894994849
"1265",2909908,0.718764807789963
"1266",3779918,0.576987147258501
"1267",7619949,0.514999549023234
"1268",9209960,0.505778917555288
"1269",9499587,0.356442682983301
"1270",14719985,0.529392937669703
"1271",16949753,0.52580607658334
"1272",30279834,0.596855028400859
"1273",36349611,0.816730546150236
"1274",48049982,0.65223725177452
"1275",48439936,0.475336629343521
"1276",48479522,0.557205703980577
"1277",50729606,0.511683154156592
"1278",55559919,0.548862938636346
"1279",61839894,0.640349905219074
"1280",67779997,0.532943638201976
"1281",71829928,0.565559979504296
"1282",90829769,0.461590998874194
"1283",92609580,0.702677622144002
"1284",8399671,0.412826749349454
"1285",21849939,0.458196993636014
"1286",25619933,0.508051759199603
"1287",27899942,0.56194121514277
"1288",54489891,0.517015264011654
"1289",91509855,0.672278525122773
"1290",99579555,0.290901782499242
"1291",50069642,0.577011379259782
"1292",65649582,0.684958683358369
"1293",87429821,0.208757088575292
"1294",6509998,0.651098940047455
"1295",7399797,0.464746034111772
"1296",17659971,0.550668927447421
"1297",20139926,0.581594145990829
"1298",23669807,0.401526658416454
"1299",32239576,0.658790109292445
"1300",35389919,0.729907874294435
"1301",41809980,0.333346554440975
"1302",50629997,0.687989967098521
"1303",66099964,0.364954921935907
"1304",71889894,0.492464478272759
"1305",85739554,0.600776245101507
"1306",2679893,0.598875157899259
"1307",13399563,0.407989700126111
"1308",13559579,0.533231434284835
"1309",16259526,0.409432524716853
"1310",17599817,0.443160368088079
"1311",31359876,0.465848884992532
"1312",43499795,0.68873172681245
"1313",52709691,0.598537232032388
"1314",52809650,0.555439014802265
"1315",54479948,0.591394192142983
"1316",62009827,0.592045365365381
"1317",66979624,0.309974930749614
"1318",12969814,0.610858790052651
"1319",37589569,0.502690077353741
"1320",8409818,0.506548190375448
"1321",20109577,0.414981353619803
"1322",72509958,0.518068843296409
"1323",73979986,0.610684350740949
"1324",89849952,0.510700736476488
"1325",7089970,0.499227833635703
"1326",7609764,0.541598692967776
"1327",9739628,0.789982114955405
"1328",66139812,0.750906846009479
"1329",86339952,0.149257973157568
"1330",11369915,0.620290548458006
"1331",23689998,0.524310854817532
"1332",64959795,0.514739280333629
"1333",89299811,0.535811553649286
"1334",7129671,0.362118788614048
"1335",20589880,0.502963974898132
"1336",25229808,0.525623255121675
"1337",37549587,0.615438863412266
"1338",47519536,0.575226374939536
"1339",48289855,0.667720522678671
"1340",54649817,0.601937545894794
"1341",58859523,0.423850442348028
"1342",67369569,0.323419947080664
"1343",73509796,0.729489928517075
"1344",84829936,0.54642932276244
"1345",7029899,0.637463698902761
"1346",7789800,0.545620779134127
"1347",16419540,0.366533494559343
"1348",22149556,0.582150120971148
"1349",23449859,0.529051372441086
"1350",28199726,0.620345610177281
"1351",34669973,0.652517652519763
"1352",36559554,0.588985382290187
"1353",38269885,0.548696390312151
"1354",40619813,0.57188111851798
"1355",41469903,0.757616174118709
"1356",42199812,0.526474558078927
"1357",55769927,0.708660515953361
"1358",66069532,0.352829844152499
"1359",72129899,0.70444460609651
"1360",85879755,0.506913809160982
"1361",90049797,0.700250877566754
"1362",5669543,0.40163009670195
"1363",8499548,0.379737332613187
"1364",17239998,0.632578196685176
"1365",41309992,0.514201419960973
"1366",54049814,0.657614654645365
"1367",62259660,0.626489868644986
"1368",74569670,0.132271648919639
"1369",79869779,0.475343550659558
"1370",96579842,0.646921208643157
"1371",5039894,0.667511759918744
"1372",8779954,0.533605447123209
"1373",11819644,0.835197135287218
"1374",13269913,0.59316011844439
"1375",18259955,0.669873053827005
"1376",47409833,0.636177400164384
"1377",65029719,0.375050780256694
"1378",95079770,0.804934101047266
"1379",30519968,0.529503988180277
"1380",58349654,0.728264608926757
"1381",69919605,0.662366175737297
"1382",93589983,0.322334842784184
"1383",2039621,0.655226811347759
"1384",13139550,0.57456670224307
"1385",15609797,0.455834773153873
"1386",19919796,0.677750147828235
"1387",24319826,0.616528861054217
"1388",50689836,0.44997020360273
"1389",54099615,0.59388490315979
"1390",55659902,0.487589299065417
"1391",57339809,0.490067888697024
"1392",62079928,0.724084111278466
"1393",109693,0.539354131065017
"1394",3509800,0.715477406075878
"1395",6209836,0.418668431406001
"1396",19199994,0.626787302132956
"1397",21839545,0.314640602007827
"1398",37869746,0.506071863091117
"1399",39699983,0.598338722294713
"1400",45979995,0.531649535620998
"1401",47729807,0.585390326574356
"1402",53129539,0.299990488752078
"1403",53419736,0.581446743219439
"1404",59989974,0.73965705173404
"1405",60119515,0.432757315920767
"1406",61079531,0.525302201972776
"1407",61719826,0.610208561063165
"1408",71399729,0.489630869730773
"1409",72579576,0.574468078652623
"1410",87299835,0.294478384103774
"1411",89209703,0.344049185085165
"1412",94639997,0.694463964063396
"1413",96229536,0.586864678335901
"1414",2719577,0.660094999002768
"1415",12509635,0.462724649054642
"1416",13439985,0.465875976227526
"1417",13669920,0.722867761855183
"1418",19369626,0.746262840891716
"1419",21159531,0.679327824894317
"1420",24739975,0.403766682618778
"1421",24809907,0.55723317975851
"1422",25089826,0.42154653973104
"1423",29779654,0.540007892096362
"1424",30219921,0.554956076266358
"1425",30349561,0.627767509311561
"1426",32329957,0.638710778138248
"1427",33879810,0.422569202667371
"1428",38519883,0.710060439883678
"1429",41919552,0.568519771363479
"1430",46179611,0.73185374844153
"1431",51369561,0.530269781133853
"1432",55909600,0.324588412129252
"1433",56999610,0.312657982132895
"1434",60839618,0.742281931812963
"1435",66319699,0.427434046249275
"1436",76079978,0.563949049696379
"1437",86239819,0.450264711390976
"1438",86979906,0.760700696574636
"1439",97939915,0.438680542122344
"1440",99959807,0.566044531503247
"1441",989587,0.576192744818438
"1442",1849794,0.533984392387223
"1443",2089806,0.820473279847743
"1444",2499933,0.526136860714314
"1445",6389560,0.445588107784527
"1446",6759673,0.665886322957545
"1447",10529942,0.455798689686367
"1448",11349754,0.521042299054815
"1449",11949834,0.513053397510868
"1450",14109606,0.728772215093971
"1451",14419556,0.359594139272128
"1452",15159980,0.491659784434686
"1453",16439955,0.619356732584214
"1454",16979906,0.692697964645645
"1455",18249950,0.323349282632607
"1456",19969667,0.493994655651757
"1457",21139537,0.468152904044899
"1458",22009953,0.580172338291624
"1459",25789819,0.164470076513464
"1460",26019578,0.345900130526405
"1461",28219577,0.588698196942472
"1462",28319842,0.399342836335958
"1463",28749536,0.372368364827395
"1464",29299986,0.479594999490781
"1465",31199832,0.596126333617687
"1466",34159622,0.531195576899379
"1467",35159813,0.572688409288121
"1468",35569547,0.462564011665067
"1469",42879651,0.721640451346991
"1470",42909650,0.753123941223241
"1471",42939627,0.502311750803828
"1472",45539850,0.694505693538692
"1473",46409826,0.372303084555626
"1474",55779990,0.676289117622382
"1475",57919773,0.6014634253784
"1476",58439884,0.673167928175646
"1477",58889636,0.658182868086018
"1478",60789968,0.602404031959775
"1479",61129655,0.673088372404847
"1480",61889820,0.485096482517364
"1481",63509609,0.377979125061486
"1482",63869936,0.618262914181556
"1483",66749695,0.357931622887262
"1484",67499957,0.571247790249647
"1485",67609874,0.545056407722168
"1486",73299981,0.391464521433631
"1487",74629735,0.46879982551938
"1488",79999567,0.580614432706513
"1489",80089949,0.662582678330519
"1490",80389854,0.440011816228545
"1491",80919996,0.667323458100303
"1492",84859558,0.502703438185931
"1493",85859943,0.338406020980124
"1494",89179574,0.452806472808506
"1495",89509969,0.603512027745422
"1496",89989770,0.57136795988784
"1497",90219881,0.515722178941348
"1498",91579746,0.294463890868098
"1499",93059807,0.462402163082956
"1500",93289858,0.257816476819429
"1501",96529749,0.534413872432765
"1502",98909970,0.648777461231703
"1503",2569933,0.671985497627916
"1504",29089734,0.553225541938933
"1505",34699653,0.360178670283252
"1506",36659834,0.574465977000679
"1507",42409790,0.568339043655117
"1508",50759830,0.522869166658217
"1509",52039819,0.569057287221057
"1510",65929545,0.671393435557072
"1511",289996,0.571050455211739
"1512",9499978,0.568934174992252
"1513",18149540,0.681990876373594
"1514",21369794,0.516645067827858
"1515",27699971,0.403331228764296
"1516",35929982,0.583611781747329
"1517",38249885,0.421081519855612
"1518",45229831,0.619675408344683
"1519",80089936,0.576461265371839
"1520",81439559,0.382091459433634
"1521",91059640,0.591893745617518
"1522",98729746,0.608675103959257
"1523",869947,0.549772790351623
"1524",2389981,0.518599558231501
"1525",2899928,0.367143021697461
"1526",10179820,0.684592415390665
"1527",31969970,0.511522397281436
"1528",37059708,0.574662452308503
"1529",48829987,0.552913819142303
"1530",50019950,0.352307780253686
"1531",55849949,0.59696801830328
"1532",67249587,0.527627392002495
"1533",72349555,0.506597386044893
"1534",79779652,0.427910873337668
"1535",88819634,0.672192108664961
"1536",91019566,0.641786138445992
"1537",9289880,0.747322664842398
"1538",9459930,0.470176765088345
"1539",9879865,0.672752762203557
"1540",12779905,0.487778791842823
"1541",13899534,0.484154587632069
"1542",27129562,0.403436560010987
"1543",30759570,0.52344342180458
"1544",31469834,0.50024508588607
"1545",41009992,0.69337526335938
"1546",53769798,0.607439738148145
"1547",60829822,0.750684693479234
"1548",69489826,0.566394501054844
"1549",75459553,0.338150925661023
"1550",79829813,0.628200670504406
"1551",83159986,0.539432439720355
"1552",83779678,0.136530020448868
"1553",86629822,0.677623043051887
"1554",91709522,0.563877433489326
"1555",97659571,0.647039008432569
"1556",6019835,0.585870551460181
"1557",33369963,0.663892484107156
"1558",42889548,0.404630986689463
"1559",56519660,0.370073127186816
"1560",66549851,0.452439610616496
"1561",79899777,0.444232978493604
"1562",85909956,0.66736111193454
"1563",9829989,0.557762665205056
"1564",10959705,0.492015514071137
"1565",18239884,0.620580999192723
"1566",23629919,0.373449089379921
"1567",30469807,0.267933615031404
"1568",32829816,0.511499611968102
"1569",39529828,0.512813638980059
"1570",54809974,0.55491525887537
"1571",58489985,0.585920743266204
"1572",63569918,0.732171440242303
"1573",65259829,0.713867616895081
"1574",65609656,0.524671106151525
"1575",71149834,0.294273822598461
"1576",72679677,0.639652563136943
"1577",74089696,0.430958149678127
"1578",75939806,0.61601490127507
"1579",78979573,-0.031224807371741
"1580",84449516,0.28262023903961
"1581",84929943,0.618361725858773
"1582",7489632,0.635504787473193
"1583",8229636,0.600135985848863
"1584",15009953,0.591637994314494
"1585",41659638,0.574952912604942
"1586",58939977,0.678918310013711
"1587",71819962,0.615643578528269
"1588",75859738,0.271387377134174
"1589",3269902,0.624321221983942
"1590",15879989,0.43698981724738
"1591",50229998,0.332168996745696
"1592",53679928,0.654208054613367
"1593",55709533,0.371452915263615
"1594",63149599,0.575833471839095
"1595",77959895,0.471719300276765
"1596",82349795,0.343869497430476
"1597",88539812,0.474250098571372
"1598",91379569,0.394759491294926
"1599",98199541,0.574637671982669
"1600",20529913,0.41054300661341
"1601",26769833,0.660861425583046
"1602",53759799,0.680481111526624
"1603",59629547,0.412714850542971
"1604",91769669,0.521351888700856
"1605",1659549,0.416143362414294
"1606",11789887,0.469548876128373
"1607",14809603,0.296036480385872
"1608",15629812,0.663600038507489
"1609",18309830,0.462798811842155
"1610",29759594,0.566988677892358
"1611",31859800,0.405410579077989
"1612",36259638,0.613000963756887
"1613",40309538,0.676356020878321
"1614",45729819,0.51940262112104
"1615",48009606,0.551565113583642
"1616",51719995,0.600273598054178
"1617",60259886,0.480747738212177
"1618",67379981,0.69121161189355
"1619",68749573,0.531956823841364
"1620",74209587,0.669501994312271
"1621",77349561,0.287824497292429
"1622",83089666,0.781684059603205
"1623",83359599,0.653917025776568
"1624",87919977,0.535225072965293
"1625",90419902,0.657413303410053
"1626",94869963,0.645072262329649
"1627",99569587,0.660936162720676
"1628",17799733,0.401381667261713
"1629",28149580,0.659200682995359
"1630",28939820,0.564309696422007
"1631",38789712,0.445926597486582
"1632",51999637,0.578986066221712
"1633",58199914,0.52339470429278
"1634",73819979,0.582124723168911
"1635",79089986,0.375257741117165
"1636",86559607,0.414858449920214
"1637",96479520,0.614292110291125
"1638",9829737,0.581679185958786
"1639",47199967,0.608510072481508
"1640",60669998,0.557397000224505
"1641",79609857,0.584536452688085
"1642",83379817,0.573415172682626
"1643",85799976,0.532348281217628
"1644",42949598,0.563632458129838
"1645",59329765,0.71462552175295
"1646",70599976,0.596782889537336
"1647",71179542,0.550694586062095
"1648",16419607,0.681488246422457
"1649",21079559,0.598482778957052
"1650",30079766,0.547174537414865
"1651",4579768,0.559963998175629
"1652",12999970,0.54220228081352
"1653",28819678,0.381941128383384
"1654",61179722,0.627233404176992
"1655",96059734,0.633946430366416
"1656",96319541,0.419304581775286
"1657",98989959,0.621346255524203
"1658",11609958,0.519052807664922
"1659",14549700,0.704623505448538
"1660",25089819,0.596987258589584
"1661",47979538,0.473227618636701
"1662",83659994,0.566799083490926
"1663",67809958,0.795504282526253
"1664",86569519,0.56077837312667
"1665",91979512,0.336549683981049
"1666",8749884,0.8327942472867
"1667",37109806,0.574940534200486
"1668",74569796,0.594616746976161
"1669",89029528,0.615708358797183
"1670",90829886,0.24134343362648
"1671",22729979,0.577777777121969
"1672",26649939,0.429986825569052
"1673",36499864,0.501315167340695
"1674",57029982,0.464653872532166
"1675",61999562,0.528372471483825
"1676",73859552,0.551442099109315
"1677",76539937,0.615851655713096
"1678",83569974,0.461219072087391
"1679",89249865,0.656310829684408
"1680",98569581,0.39196090213293
"1681",10229970,0.525290185627803
"1682",12869802,0.363747578573377
"1683",89999796,0.651703566469384
"1684",51669721,0.202326986422503
"1685",54299912,0.638936732684266
"1686",71449796,0.49343810812321
"1687",78919950,0.501220885314239
"1688",81529778,0.556507582055788
"1689",14719635,0.741413859375604
"1690",28189760,0.383807692534675
"1691",91939904,0.555753593085829
"1692",5429986,0.490084229202364
"1693",58279550,0.509347974816086
"1694",62209651,0.470193571203729
"1695",83299721,0.511882883200654
"1696",47899869,0.71726342699663
"1697",6409834,0.270587737281849
"1698",82499585,0.632611514609803
"1699",84299926,-0.074309288034557
"1700",26389660,0.612970094441033
"1701",34589796,0.54454400958541
"1702",66959544,0.463722869924702
"1703",299749,0.384582670201584
"1704",48939584,0.455805162200844
"1705",9829953,0.638008198747902
"1706",27609569,0.72816833315458
"1707",38039576,0.518874908877653
"1708",50369772,0.649723717221413
"1709",76619544,0.353192121458969
"1710",77429921,0.502549088785592
"1711",78119662,0.432935359250143
"1712",96879682,0.983905051759695
"1713",97279893,0.477839915112979
"1714",23009913,0.68853808269907
"1715",35199607,0.396273780172235
"1716",39409698,0.601738851818372
"1717",56229619,0.643359885013432
"1718",28689816,0.646175655511497
"1719",75069811,0.258018690839173
"1720",79919866,0.475454521043649
"1721",83619996,0.549364549353025
"1722",86899624,0.358862409289731
"1723",24319961,0.623169424694946
"1724",48379629,0.584413475218907
"1725",56419772,0.608466021697547
"1726",3809808,0.47924772632581
"1727",13489682,0.754500556810149
"1728",22719992,0.334609839442277
"1729",68209534,0.247261161991042
"1730",88899548,0.653617745808588
"1731",7679874,0.344743338370791
"1732",48009896,0.619382816631964
"1733",2469932,0.463432445576001
"1734",13129651,0.435690845652527
"1735",19039659,0.686710097467966
"1736",22799572,0.671162517559508
"1737",38169913,0.608044699740242
"1738",38729898,0.514583853463825
"1739",39089617,0.453831916583081
"1740",40519972,0.311220375309294
"1741",45639859,0.481321678686993
"1742",49939636,0.659715210288648
"1743",52319807,0.599270315942847
"1744",67659643,0.513918435599178
"1745",72919811,0.382558812452455
"1746",80099819,0.53186055476343
"1747",82309911,0.572781665705154
"1748",89339811,0.681300659993743
"1749",92359694,0.668901027924993
"1750",31269801,0.404094909853795
"1751",33489870,0.524881076444479
"1752",36259820,0.359597276796221
"1753",58039870,0.66782504308949
"1754",85639865,0.450360099790395
"1755",88019840,0.310357497528327
"1756",96049681,0.587929168465888
"1757",35909717,0.62475997979667
"1758",42939560,0.286924040721871
"1759",54339683,0.544287862146041
"1760",42509936,0.569416168786103
"1761",29519813,0.621969211534982
"1762",43429730,0.498663484298735
"1763",85399668,0.576664469445127
"1764",19899641,0.453710346671784
"1765",24259591,0.59204717247992
"1766",29629991,0.280701512903812
"1767",20919822,0.504617814248592
"1768",7639542,0.293024243793264
"1769",70759790,0.511560078216479
"1770",46279833,0.499198411838385
"1771",87319727,0.643110111094073
"1772",26249568,0.501332957295857
"1773",62719926,0.389770572347108
"1774",87119995,0.553761455313117
"1775",18239665,0.506208799133616
"1776",1049570,0.609862830344714
"1777",4779672,0.48560403282832
"1778",4809965,0.428160860374316
"1779",26389911,0.564872663574884
"1780",23959919,0.581837791954426
"1781",54639610,0.348009425802629
"1782",79069979,0.648631444096947
"1783",48209978,0.623512638511456
"1784",60589972,0.787405455115527
"1785",52469867,0.4351861854046
"1786",90909890,0.595726226222167
"1787",94079957,0.423568502573443
"1788",38719830,0.658730602097048
"1789",36279579,0.442340832247886
"1790",69389918,0.649524876685186
"1791",11999871,0.699818325890487
"1792",19349984,0.573382573764664
"1793",48669585,0.658545683840597
"1794",63709996,0.523938241941323
"1795",72029993,0.602869935123189
"1796",93199828,0.53279873923778
"1797",68289745,0.51145706865019
"1798",91929619,0.389951169986786
"1799",14559662,0.428864611947602
"1800",33259651,0.583376804312953
"1801",3759797,0.622866680483332
"1802",61709633,0.477210302200352
"1803",63329930,0.602698262987961
"1804",88659885,0.563376122314805
"1805",42789967,0.669957632575385
"1806",11409631,0.385556130698391
"1807",13719671,0.515859858806912
"1808",30019658,0.318880647899558
"1809",31929673,0.767981910120384
"1810",67569923,0.465156775302557
"1811",7589968,0.461131010105178
"1812",28979791,0.643588818791488
"1813",51509611,0.535363845536735
"1814",90779667,0.638332978094233
"1815",94079555,0.596122686327352
"1816",99069531,0.31556176759401
"1817",18259541,0.364055315681996
"1818",20679895,0.661809637323536
"1819",35189958,0.417168201963128
"1820",99899820,0.599422528410287
"1821",10149644,0.572699238044934
"1822",93009725,0.680782588550212
"1823",55059561,0.569241212414265
"1824",74179524,0.215782814095281
"1825",7859980,0.662491248983816
"1826",16919581,0.357550110545058
"1827",28199766,0.415676207131898
"1828",38279998,0.580011143354065
"1829",39679584,0.534736003421993
"1830",59899635,0.468750125331082
"1831",12269588,0.439496598486948
"1832",46379873,0.189860232981349
"1833",68299523,0.408356226149489
"1834",94859847,0.513581962245824
"1835",70089938,0.59823226829687
"1836",83279866,0.460335329285388
"1837",10709970,0.707168334838895
"1838",76579907,0.716881462583805
"1839",95309925,0.559297473364489
"1840",96499842,0.416426633482669
"1841",21269988,0.569629107539641
"1842",28069592,0.234662880567131
"1843",30039992,0.305976686633381
"1844",52699569,0.391634146182266
"1845",61319998,0.585655282207785
"1846",64819730,0.313186030898437
"1847",67129945,0.542330665872573
"1848",77759601,0.498359001370706
"1849",85079513,0.295282013258423
"1850",16430000,0.504181251184012
"1851",67049638,0.61376225439858
"1852",77089884,0.40472728219985
"1853",20279661,0.472137055111348
"1854",40669781,0.243854466893087
"1855",29459730,0.349768963850713
"1856",60200000,0.443436021357899
"1857",15409904,0.531847133770817
"1858",60049963,0.550888690400244
"1859",62439913,0.424126079278028
"1860",86869834,0.406037912871665
"1861",78139938,0.221346103256668
"1862",1369576,0.525739205524421
"1863",24269853,0.439386221989659
"1864",26079897,0.447450817324105
"1865",50279938,0.49246306253959
"1866",80539880,0.638405694814249
"1867",58629981,0.400719296729629
"1868",61359967,0.292627473993138
"1869",21609771,0.502918973615622
"1870",19469766,0.727513408405437
"1871",15979510,0.648834586200115
"1872",83549543,0.320288558381802
"1873",26349578,0.489116314990236
"1874",45459835,0.134664325622554
"1875",22569636,0.327747134194433
"1876",64519986,0.433352307932892
"1877",53449605,0.541182618307748
"1878",30339969,0.262573765736187
"1879",13949603,0.323977016582964
"1880",99109783,0.293452862347569
"1881",18539776,0.673081952413605
"1882",66689534,0.293937101186316
"1883",58769773,0.578786079829793
"1884",57769613,0.501666747447857
"1885",77919579,0.25462974473095
"1886",47809660,-0.0672097567906092
"1887",26079516,0.34029044386929
"1888",24699548,0.622761279237333
"1889",35399615,0.412405462001903
"1890",45419827,0.551911031933722
"1891",45369949,0.698833338160993
"1892",4369949,0.28283885101535
"1893",22759817,0.447797174743774
"1894",27779548,0.45965566824381
"1895",14359520,0.23935920748958
"1896",66869557,0.387911035542606
"1897",9599639,0.590437963178321
